source,relation,target
Paper - SI BhiCC Drug Testing ACS AMI Final,mentions,Concept - Cancer and Therapeutics
Paper - 1-s2.0-S0272884222036471-main,mentions,Concept - Research Papers
Paper - 1-s2.0-S0272884224059509-main,mentions,Concept - Research Papers
Paper - 1-s2.0-S1385894725029535-main,mentions,Concept - Research Papers
Paper - 1-s2.0-S259025712200030X-main,mentions,Concept - Research Papers
Paper - 10.48550 arxiv.2501.06039,mentions,Concept - Research Papers
Paper - 1010 001 dec2025 iy,mentions,Concept - Research Papers
Paper - 10547921,mentions,Concept - Research Papers
Paper - 184031 MEen,mentions,Concept - Research Papers
Paper - 2020 iPSC Advances WadkinIntro Math Modelling,mentions,Concept - iPSC and Stem Cells
Paper - 2020 iPSC Advances WadkinIntro Math Modelling,mentions,Concept - Digital Twins and Modeling
Paper - 2023-09-01 UofT Lash Miller - Issued for 100 CD - Laboratories 1 1,mentions,Concept - Research Papers
Paper - 2023-09-01 UofT Lash Miller - Issued for 100 CD - Laboratories 1,mentions,Concept - Research Papers
Paper - 2025.02.14.638383v1.full 1,mentions,Concept - Research Papers
Paper - 2025.02.14.638383v1.full,mentions,Concept - Research Papers
Paper - 2025.04.28.651001v1.full,mentions,Concept - Research Papers
Paper - 2025 07 12 Carpenter AACR,mentions,Concept - Research Papers
Paper - 2026P3,mentions,Concept - Research Papers
Paper - 2026P4,mentions,Concept - Research Papers
Paper - 2026P5,mentions,Concept - Research Papers
Paper - 2026P6,mentions,Concept - Research Papers
Paper - 2026P7,mentions,Concept - Research Papers
Paper - 2026P8,mentions,Concept - Research Papers
Paper - 2026P9,mentions,Concept - Research Papers
Paper - 20bf06fe,mentions,Concept - Research Papers
Paper - 2111.06377v3,mentions,Concept - Research Papers
Paper - 2304.07193v2,mentions,Concept - Research Papers
Paper - 2309.07778v5,mentions,Concept - Research Papers
Paper - 2404.10242v1,mentions,Concept - Research Papers
Paper - 2408.10527v1,mentions,Concept - Research Papers
Paper - 2501.09223v2,mentions,Concept - Research Papers
Paper - 2603.15553v1 1,mentions,Concept - Research Papers
Paper - 2603.15553v1,mentions,Concept - Research Papers
Paper - 267,mentions,Concept - Research Papers
Paper - 27079184,mentions,Concept - Research Papers
Paper - 27 392,mentions,Concept - Research Papers
Paper - 56,mentions,Concept - Research Papers
Paper - 68,mentions,Concept - Research Papers
Paper - 70,mentions,Concept - Research Papers
Paper - 80ad2aab-cab1-429f-a9c8-ce701b44784d,mentions,Concept - Research Papers
Paper - 840d371c-c2d8-4005-855c-1ae125aef259,mentions,Concept - Research Papers
Paper - 933a2911-7176-451f-8c84-304ee18e03ba ML Image Analysis,mentions,Concept - Computer Vision for Biology
"Paper - Abolhasani,-Milad-2023-01-30-The-rise-of-self-driving-labs-in-chemical-and-materia",mentions,Concept - Self-Driving Labs
"Paper - Abolhasani,-Milad-2023-01-30-The-rise-of-self-driving-labs-in-chemical-and-materia",mentions,Concept - Materials Discovery
Paper - adhm.202504669,mentions,Concept - Research Papers
Paper - Zieger Towards Automation in 3D Cell Culture Selective and Gentle HighThroughput,mentions,Concept - Lab Automation
Paper - Zieger Towards Automation in 3D Cell Culture Selective and Gentle HighThroughput,mentions,Concept - Biofabrication
Paper - Zieger Towards Automation in 3D Cell Culture Selective and Gentle HighThroughput,mentions,Concept - Materials Discovery
Paper - SharfPauker Scaling Up Synthetic Cell Production Using Robotics and Machine Learni,mentions,Concept - Lab Automation
Paper - SharfPauker Scaling Up Synthetic Cell Production Using Robotics and Machine Learni,mentions,Concept - Biofabrication
Paper - AI Agent Safety,mentions,Concept - Biomedical AI Agents
Paper - AI Agent Safety,mentions,Concept - AI Safety and Governance
Paper - Bridging silicon and carbon worlds,mentions,Concept - Research Papers
"Paper - Alexandra-Dunnum-VandeLoo-Sep-8,-2025-SAMCell--Generalized-label-free-biological-c",mentions,Concept - Foundation Models
"Paper - Alexandra-Dunnum-VandeLoo-Sep-8,-2025-SAMCell--Generalized-label-free-biological-c",mentions,Concept - Computer Vision for Biology
Paper - Digilocs a leap forward in predicti,mentions,Concept - Research Papers
Paper - Automatic Cell Counting With YOLOv5 A Fluorescence,mentions,Concept - Computer Vision for Biology
Paper - biosensors-14-00401-v2,mentions,Concept - Biosensors and Diagnostics
Paper - Gisperg Bayesian Optimization in Bioprocess Engineering Where Do We Stand Today,mentions,Concept - Optimization and Bayesian Search
Paper - How to build the virtual cell with artificial intelligence Priorities and opportun,mentions,Concept - Foundation Models
Paper - Lyu Crystal Structure Engineering Enables Enhanced Ionic Conductivity in LAGP Soli,mentions,Concept - Materials Discovery
"Paper - Collins,-Evan-2025-10-01-Self-driving-labs-for-biotechnology",mentions,Concept - Self-Driving Labs
Paper - d3dd00115f,mentions,Concept - Research Papers
Paper - d5dd00336a,mentions,Concept - Research Papers
Paper - d5lc00311c,mentions,Concept - Research Papers
Paper - d5nj00172b,mentions,Concept - Research Papers
Paper - el agente,mentions,Concept - Biomedical AI Agents
Paper - elife-77007-v1,mentions,Concept - Research Papers
Paper - f0ac5fa4,mentions,Concept - Research Papers
Paper - fig8,mentions,Concept - Research Papers
Paper - fig8a,mentions,Concept - Research Papers
Paper - fig 2 barplot,mentions,Concept - Research Papers
Paper - fmats-10-1337485,mentions,Concept - Research Papers
Paper - gic aisci faqs,mentions,Concept - Research Papers
"Paper - Gonzales,Woods-Digital.Image.Processing.4th.Edition",mentions,Concept - Reference and Textbook
Paper - Digital twin enhanced three organ m,mentions,Concept - Digital Twins and Modeling
Paper - hardman-et-al-2024-an-in-vitro-agent-based-modelling-approach-to-optimization-of-c,mentions,Concept - Optimization and Bayesian Search
Paper - hardman-et-al-2024-an-in-vitro-agent-based-modelling-approach-to-optimization-of-c,mentions,Concept - Digital Twins and Modeling
Paper - Heliyon,mentions,Concept - Research Papers
Paper - Huang-K-06-02-2025-Biomni--A-General-Purpose-Biomedical-AI-Agent---PubMed,mentions,Concept - Biomedical AI Agents
Paper - jamasurgery gowrishankar 2025 rv 250005 1749660686.74699-2,mentions,Concept - Research Papers
Paper - jamasurgery gowrishankar 2025 rv 250005 1749660686.74699,mentions,Concept - Research Papers
Paper - journal.pone.0291625,mentions,Concept - Research Papers
Paper - Kane-KIW-02-11-2019-Automated-microfluidic-cell-culture-of-stem-cell-derived-dopam,mentions,Concept - Microfluidics
Paper - Kane-KIW-02-11-2019-Automated-microfluidic-cell-culture-of-stem-cell-derived-dopam (2),mentions,Concept - Microfluidics
"Paper - Leung,-Chak-Ming-2022-05-12-A-guide-to-the-organ-on-a-chip",mentions,Concept - Organ-on-Chip
"Paper - Leung,-Chak-Ming-2022-05-12-A-guide-to-the-organ-on-a-chip",mentions,Concept - Reference and Textbook
"Paper - Li,-Songhao-2025-09-24-A-co-evolving-agentic-AI-system-for-medical-imaging-analysi",mentions,Concept - Research Papers
Paper - Liu 2026 Biofabrication 18 013001,mentions,Concept - Biofabrication
Paper - luo-et-al-2024-review-of-ionic-conductivity-properties-of-nasicon-type-inorganic-s,mentions,Concept - Research Papers
"Paper - medip,1388-5211-1-CE",mentions,Concept - Research Papers
Paper - mirror coloration,mentions,Concept - Research Papers
Paper - mmc2,mentions,Concept - Research Papers
Paper - Self driving laboratories in Japan,mentions,Concept - Self-Driving Labs
Paper - Nov A human kidney and liver organoid based multi organ on a chip model to study t,mentions,Concept - Organ-on-Chip
Paper - Nov A human kidney and liver organoid based multi organ on a chip model to study t,mentions,Concept - Organoids
Paper - Nov A human kidney and liver organoid based multi organ on a chip model to study t,mentions,Concept - Digital Twins and Modeling
Paper - Nov A human kidney and liver organoid based multi organ on a chip model to study t,mentions,Concept - Cancer and Therapeutics
Paper - nmeth.3507,mentions,Concept - Research Papers
Paper - nn1c11421 si 001,mentions,Concept - Research Papers
Paper - Optimizing Patient-Specific Multidrug Regimens Cancer Therapy Feb 28 IY,mentions,Concept - Optimization and Bayesian Search
Paper - Optimizing Patient-Specific Multidrug Regimens Cancer Therapy Feb 28 IY,mentions,Concept - Cancer and Therapeutics
Paper - Robotics Engineering Assistant Job Post,mentions,Concept - Lab Automation
Paper - s11671-021-03553-8,mentions,Concept - Research Papers
Paper - s11912-020-00942-7,mentions,Concept - Research Papers
Paper - s12951-024-02625-y,mentions,Concept - Research Papers
Paper - s13206-023-00114-2,mentions,Concept - Research Papers
Paper - s41392-024-01856-7,mentions,Concept - Research Papers
Paper - s41467-021-22518-0 1,mentions,Concept - Research Papers
Paper - s41467-021-22518-0,mentions,Concept - Research Papers
Paper - s41467-025-56818-6,mentions,Concept - Research Papers
Paper - s41551-019-0497-x,mentions,Concept - Research Papers
Paper - s41551-022-00882-6,mentions,Concept - Research Papers
Paper - s41573-020-0090-8,mentions,Concept - Research Papers
Paper - s41573-022-00615-z,mentions,Concept - Research Papers
Paper - s41587-024-02490-y,mentions,Concept - Research Papers
Paper - s41598-017-01013-x,mentions,Concept - Research Papers
Paper - s41598-025-17876-4,mentions,Concept - Research Papers
Paper - s41598-025-89069-y,mentions,Concept - Research Papers
Paper - s41746-025-01836-3,mentions,Concept - Research Papers
Paper - s43588-025-00885-8,mentions,Concept - Research Papers
Paper - s44222-024-00207-z,mentions,Concept - Research Papers
Paper - s44386-024-00004-z,mentions,Concept - Research Papers
Paper - sciadv.adt1851,mentions,Concept - Research Papers
Paper - Empowering biomedical discovery with AI agents,mentions,Concept - Biomedical AI Agents
Paper - TakaHuman Robotic Automation Advisor JD 8,mentions,Concept - Lab Automation
Paper - Undermind - Comparative analyses of organoid and organ-on-chip biofabrication work,mentions,Concept - Self-Driving Labs
Paper - Undermind - Comparative analyses of organoid and organ-on-chip biofabrication work,mentions,Concept - Lab Automation
Paper - Undermind - Comparative analyses of organoid and organ-on-chip biofabrication work,mentions,Concept - Organoids
Paper - Undermind - Comparative analyses of organoid and organ-on-chip biofabrication work,mentions,Concept - Biofabrication
Paper - Undermind - Software wrappers and intermediate device OSs for Pythonic lab automat,mentions,Concept - Lab Automation
Paper - Undermind - Software wrappers and intermediate device OSs for Pythonic lab automat,mentions,Concept - Biomedical AI Agents
Paper - Feb 16 CellSAM A Foundation Model for Cell Segmentation,mentions,Concept - Foundation Models
Paper - Feb 16 CellSAM A Foundation Model for Cell Segmentation,mentions,Concept - Computer Vision for Biology
Paper - Feb 16 CellSAM A Foundation Model for Cell Segmentation,mentions,Concept - Digital Twins and Modeling
Paper - Organ On A Chip OOC Image Dataset for Machine Learning and Tissue Model Evaluation,mentions,Concept - Organ-on-Chip
Paper - Organ On A Chip OOC Image Dataset for Machine Learning and Tissue Model Evaluation,mentions,Concept - Biofabrication
Paper - Organ On A Chip OOC Image Dataset for Machine Learning and Tissue Model Evaluation,mentions,Concept - Digital Twins and Modeling
Paper - Organ On A Chip OOC Image Dataset for Machine Learning and Tissue Model Evaluation (2),mentions,Concept - Organ-on-Chip
Paper - Organ On A Chip OOC Image Dataset for Machine Learning and Tissue Model Evaluation (2),mentions,Concept - Biofabrication
Paper - Organ On A Chip OOC Image Dataset for Machine Learning and Tissue Model Evaluation (2),mentions,Concept - Digital Twins and Modeling
"Paper - Wang,-Wei-2024-12-30-Artificial-intelligence-driven-rational-design-of-ionizable-l",mentions,Concept - Materials Discovery
"Paper - Wenckstern,-Johann-2025-01-10-AI-powered-virtual-tissues-from-spatial-proteomics-f",mentions,Concept - Biofabrication
"Paper - Wenckstern,-Johann-2025-01-10-AI-powered-virtual-tissues-from-spatial-proteomics-f",mentions,Concept - Biosensors and Diagnostics
"Paper - Wu,-Tianyi-2025-02-08-Self-driving-lab-for-the-photochemical-synthesis-of-plasmoni",mentions,Concept - Self-Driving Labs
"Paper - Wu,-Tianyi-2025-02-08-Self-driving-lab-for-the-photochemical-synthesis-of-plasmoni",mentions,Concept - Materials Discovery
Paper - 7 3 Robust cardiomyocyte differentiation from human pluripotent stem cells via tem,mentions,Concept - iPSC and Stem Cells
Paper - An artificial intelligence enabled chemical synthesis robot for exploration and op,mentions,Concept - Lab Automation
Paper - An artificial intelligence enabled chemical synthesis robot for exploration and op,mentions,Concept - Optimization and Bayesian Search
Paper - An artificial intelligence enabled chemical synthesis robot for exploration and op,mentions,Concept - Materials Discovery
Paper - yin2019,mentions,Concept - Research Papers
Paper - El Agente An autonomous agent for quantum chemistry,mentions,Concept - Self-Driving Labs
Paper - El Agente An autonomous agent for quantum chemistry,mentions,Concept - Biomedical AI Agents
