note,title,author_hint,year,source_path,concepts
Paper - SI BhiCC Drug Testing ACS AMI Final,[SI] BhiCC Drug Testing ACS AMI Final,,,/Users/iyakavets/Downloads/Sorted_2026-05-09/PDFs/Research_Papers/%5BSI%5D_BhiCC_Drug_Testing_ACS_AMI_Final.pdf,Cancer and Therapeutics
Paper - 1-s2.0-S0272884222036471-main,1-s2.0-S0272884222036471-main,,,/Users/iyakavets/Downloads/Sorted_2026-05-09/PDFs/Research_Papers/1-s2.0-S0272884222036471-main.pdf,Research Papers
Paper - 1-s2.0-S0272884224059509-main,1-s2.0-S0272884224059509-main,,,/Users/iyakavets/Downloads/Sorted_2026-05-09/PDFs/Research_Papers/1-s2.0-S0272884224059509-main.pdf,Research Papers
Paper - 1-s2.0-S1385894725029535-main,1-s2.0-S1385894725029535-main,,,/Users/iyakavets/Downloads/Sorted_2026-05-09/PDFs/Research_Papers/1-s2.0-S1385894725029535-main.pdf,Research Papers
Paper - 1-s2.0-S259025712200030X-main,1-s2.0-S259025712200030X-main,,,/Users/iyakavets/Downloads/Sorted_2026-05-09/PDFs/Research_Papers/1-s2.0-S259025712200030X-main.pdf,Research Papers
Paper - 10.48550 arxiv.2501.06039,10.48550 arxiv.2501.06039,,,/Users/iyakavets/Downloads/Sorted_2026-05-09/PDFs/Research_Papers/10.48550_arxiv.2501.06039.pdf,Research Papers
Paper - 1010 001 dec2025 iy,1010 001 dec2025 iy,,2025,/Users/iyakavets/Downloads/Sorted_2026-05-09/PDFs/Research_Papers/1010_001_dec2025_iy.pdf,Research Papers
Paper - 10547921,10547921,,,/Users/iyakavets/Downloads/Sorted_2026-05-09/PDFs/Research_Papers/10547921.pdf,Research Papers
Paper - 184031 MEen,184031 MEen,,,/Users/iyakavets/Downloads/Sorted_2026-05-09/PDFs/Research_Papers/184031_MEen.pdf,Research Papers
Paper - 2020 iPSC Advances WadkinIntro Math Modelling,2020 iPSC Advances WadkinIntro Math Modelling,,2020,/Users/iyakavets/Downloads/Sorted_2026-05-09/PDFs/Research_Papers/2020_iPSC_Advances_WadkinIntro_Math_Modelling.pdf,iPSC and Stem Cells;Digital Twins and Modeling
Paper - 2023-09-01 UofT Lash Miller - Issued for 100 CD - Laboratories 1 1,2023-09-01 UofT Lash Miller - Issued for 100 CD - Laboratories 1 (1),,2023,/Users/iyakavets/Downloads/Sorted_2026-05-09/PDFs/Research_Papers/2023-09-01 UofT Lash Miller - Issued for 100_ CD - Laboratories 1 (1).pdf,Research Papers
Paper - 2023-09-01 UofT Lash Miller - Issued for 100 CD - Laboratories 1,2023-09-01 UofT Lash Miller - Issued for 100 CD - Laboratories 1,,2023,/Users/iyakavets/Downloads/Sorted_2026-05-09/PDFs/Research_Papers/2023-09-01 UofT Lash Miller - Issued for 100_ CD - Laboratories 1.pdf,Research Papers
Paper - 2025.02.14.638383v1.full 1,2025.02.14.638383v1.full (1),,2025,/Users/iyakavets/Downloads/Sorted_2026-05-09/PDFs/Research_Papers/2025.02.14.638383v1.full (1).pdf,Research Papers
Paper - 2025.02.14.638383v1.full,2025.02.14.638383v1.full,,2025,/Users/iyakavets/Downloads/Sorted_2026-05-09/PDFs/Research_Papers/2025.02.14.638383v1.full.pdf,Research Papers
Paper - 2025.04.28.651001v1.full,2025.04.28.651001v1.full,,2025,/Users/iyakavets/Downloads/Sorted_2026-05-09/PDFs/Research_Papers/2025.04.28.651001v1.full.pdf,Research Papers
Paper - 2025 07 12 Carpenter AACR,2025 07 12 Carpenter AACR,,2025,/Users/iyakavets/Downloads/Sorted_2026-05-09/PDFs/Research_Papers/2025_07_12_Carpenter_AACR.pdf,Research Papers
Paper - 2026P3,2026P3,,2026,/Users/iyakavets/Downloads/Sorted_2026-05-09/PDFs/Research_Papers/2026P3.pdf,Research Papers
Paper - 2026P4,2026P4,,2026,/Users/iyakavets/Downloads/Sorted_2026-05-09/PDFs/Research_Papers/2026P4.pdf,Research Papers
Paper - 2026P5,2026P5,,2026,/Users/iyakavets/Downloads/Sorted_2026-05-09/PDFs/Research_Papers/2026P5.pdf,Research Papers
Paper - 2026P6,2026P6,,2026,/Users/iyakavets/Downloads/Sorted_2026-05-09/PDFs/Research_Papers/2026P6.pdf,Research Papers
Paper - 2026P7,2026P7,,2026,/Users/iyakavets/Downloads/Sorted_2026-05-09/PDFs/Research_Papers/2026P7.pdf,Research Papers
Paper - 2026P8,2026P8,,2026,/Users/iyakavets/Downloads/Sorted_2026-05-09/PDFs/Research_Papers/2026P8.pdf,Research Papers
Paper - 2026P9,2026P9,,2026,/Users/iyakavets/Downloads/Sorted_2026-05-09/PDFs/Research_Papers/2026P9.pdf,Research Papers
Paper - 20bf06fe,20bf06fe,,,/Users/iyakavets/Downloads/Sorted_2026-05-09/PDFs/Research_Papers/20bf06fe.pdf,Research Papers
Paper - 2111.06377v3,2111.06377v3,,,/Users/iyakavets/Downloads/Sorted_2026-05-09/PDFs/Research_Papers/2111.06377v3.pdf,Research Papers
Paper - 2304.07193v2,2304.07193v2,,,/Users/iyakavets/Downloads/Sorted_2026-05-09/PDFs/Research_Papers/2304.07193v2.pdf,Research Papers
Paper - 2309.07778v5,2309.07778v5,,,/Users/iyakavets/Downloads/Sorted_2026-05-09/PDFs/Research_Papers/2309.07778v5.pdf,Research Papers
Paper - 2404.10242v1,2404.10242v1,,,/Users/iyakavets/Downloads/Sorted_2026-05-09/PDFs/Research_Papers/2404.10242v1.pdf,Research Papers
Paper - 2408.10527v1,2408.10527v1,,,/Users/iyakavets/Downloads/Sorted_2026-05-09/PDFs/Research_Papers/2408.10527v1.pdf,Research Papers
Paper - 2501.09223v2,2501.09223v2,,,/Users/iyakavets/Downloads/Sorted_2026-05-09/PDFs/Research_Papers/2501.09223v2.pdf,Research Papers
Paper - 2603.15553v1 1,2603.15553v1 (1),,,/Users/iyakavets/Downloads/Sorted_2026-05-09/PDFs/Research_Papers/2603.15553v1 (1).pdf,Research Papers
Paper - 2603.15553v1,2603.15553v1,,,/Users/iyakavets/Downloads/Sorted_2026-05-09/PDFs/Research_Papers/2603.15553v1.pdf,Research Papers
Paper - 267,267,,,/Users/iyakavets/Downloads/Sorted_2026-05-09/PDFs/Research_Papers/267.pdf,Research Papers
Paper - 27079184,27079184,,,/Users/iyakavets/Downloads/Sorted_2026-05-09/PDFs/Research_Papers/27079184.pdf,Research Papers
Paper - 27 392,27 392,,,/Users/iyakavets/Downloads/Sorted_2026-05-09/PDFs/Research_Papers/27_392.pdf,Research Papers
Paper - 56,56,,,/Users/iyakavets/Downloads/Sorted_2026-05-09/PDFs/Research_Papers/56.pdf,Research Papers
Paper - 68,68,,,/Users/iyakavets/Downloads/Sorted_2026-05-09/PDFs/Research_Papers/68.pdf,Research Papers
Paper - 70,70,,,/Users/iyakavets/Downloads/Sorted_2026-05-09/PDFs/Research_Papers/70.pdf,Research Papers
Paper - 80ad2aab-cab1-429f-a9c8-ce701b44784d,80ad2aab-cab1-429f-a9c8-ce701b44784d,,,/Users/iyakavets/Downloads/Sorted_2026-05-09/PDFs/Research_Papers/80ad2aab-cab1-429f-a9c8-ce701b44784d.pdf,Research Papers
Paper - 840d371c-c2d8-4005-855c-1ae125aef259,840d371c-c2d8-4005-855c-1ae125aef259,,,/Users/iyakavets/Downloads/Sorted_2026-05-09/PDFs/Research_Papers/840d371c-c2d8-4005-855c-1ae125aef259.pdf,Research Papers
Paper - 933a2911-7176-451f-8c84-304ee18e03ba ML Image Analysis,933a2911-7176-451f-8c84-304ee18e03ba ML Image Analysis,,,/Users/iyakavets/Downloads/Sorted_2026-05-09/PDFs/Research_Papers/933a2911-7176-451f-8c84-304ee18e03ba_ML_Image_Analysis.pdf,Computer Vision for Biology
"Paper - Abolhasani,-Milad-2023-01-30-The-rise-of-self-driving-labs-in-chemical-and-materia","Abolhasani,-Milad-2023-01-30-The-rise-of-self-driving-labs-in-chemical-and-materials-sciences",,2023,"/Users/iyakavets/Downloads/Sorted_2026-05-09/PDFs/Research_Papers/Abolhasani,-Milad-2023-01-30-The-rise-of-self-driving-labs-in-chemical-and-materials-sciences.pdf",Self-Driving Labs;Materials Discovery
Paper - adhm.202504669,adhm.202504669,,,/Users/iyakavets/Downloads/Sorted_2026-05-09/PDFs/Research_Papers/adhm.202504669.pdf,Research Papers
Paper - Zieger Towards Automation in 3D Cell Culture Selective and Gentle HighThroughput,Zieger Towards Automation in 3D Cell Culture Selective and Gentle High‐Throughput,Adv Healthcare Materials,2024,/Users/iyakavets/Downloads/Sorted_2026-05-09/PDFs/Research_Papers/Adv Healthcare Materials - 2024 - Zieger - Towards Automation in 3D Cell Culture  Selective and Gentle High%E2%80%90Throughput.pdf,Lab Automation;Biofabrication;Materials Discovery
Paper - SharfPauker Scaling Up Synthetic Cell Production Using Robotics and Machine Learni,Sharf‐Pauker Scaling Up Synthetic Cell Production Using Robotics and Machine Learning Toward,Advanced Biology,2025,/Users/iyakavets/Downloads/Sorted_2026-05-09/PDFs/Research_Papers/Advanced Biology - 2025 - Sharf%E2%80%90Pauker - Scaling Up Synthetic Cell Production Using Robotics and Machine Learning Toward.pdf,Lab Automation;Biofabrication
Paper - AI Agent Safety,AI Agent Safety,,,/Users/iyakavets/Downloads/Sorted_2026-05-09/PDFs/Research_Papers/AI Agent Safety.pdf,Biomedical AI Agents;AI Safety and Governance
Paper - Bridging silicon and carbon worlds,Bridging silicon and carbon worlds,Akbarialiabad,2024,/Users/iyakavets/Downloads/Sorted_2026-05-09/PDFs/Research_Papers/Akbarialiabad-2024-Bridging-silicon-and-carbon-worlds-.pdf,Research Papers
"Paper - Alexandra-Dunnum-VandeLoo-Sep-8,-2025-SAMCell--Generalized-label-free-biological-c","Alexandra-Dunnum-VandeLoo-Sep-8,-2025-SAMCell--Generalized-label-free-biological-cell-segmentation-with-segment-anything",,2025,"/Users/iyakavets/Downloads/Sorted_2026-05-09/PDFs/Research_Papers/Alexandra-Dunnum-VandeLoo-Sep-8,-2025-SAMCell--Generalized-label-free-biological-cell-segmentation-with-segment-anything.pdf",Foundation Models;Computer Vision for Biology
Paper - Digilocs a leap forward in predicti,Digilocs a leap forward in predicti,Aravindakshan,2025,/Users/iyakavets/Downloads/Sorted_2026-05-09/PDFs/Research_Papers/Aravindakshan-2025-Digilocs-a-leap-forward-in-predicti.pdf,Research Papers
Paper - Automatic Cell Counting With YOLOv5 A Fluorescence,Automatic Cell Counting With YOLOv5 A Fluorescence,,,/Users/iyakavets/Downloads/Sorted_2026-05-09/PDFs/Research_Papers/Automatic_Cell_Counting_With_YOLOv5_A_Fluorescence.pdf,Computer Vision for Biology
Paper - biosensors-14-00401-v2,biosensors-14-00401-v2,,,/Users/iyakavets/Downloads/Sorted_2026-05-09/PDFs/Research_Papers/biosensors-14-00401-v2.pdf,Biosensors and Diagnostics
Paper - Gisperg Bayesian Optimization in Bioprocess Engineering Where Do We Stand Today,Gisperg Bayesian Optimization in Bioprocess Engineering Where Do We Stand Today,Biotech Bioengineering,2025,/Users/iyakavets/Downloads/Sorted_2026-05-09/PDFs/Research_Papers/Biotech   Bioengineering - 2025 - Gisperg - Bayesian Optimization in Bioprocess Engineering Where Do We Stand Today.pdf,Optimization and Bayesian Search
Paper - How to build the virtual cell with artificial intelligence Priorities and opportun,How to build the virtual cell with artificial intelligence: Priorities and opportunities,Charlotte Bunne,2024,/Users/iyakavets/Downloads/Sorted_2026-05-09/PDFs/Research_Papers/Charlotte-Bunne-2024-12-12-How-to-build-the-virtual-cell-with-artificial-intelligence--Priorities-and-opportunities.pdf,Foundation Models
Paper - Lyu Crystal Structure Engineering Enables Enhanced Ionic Conductivity in LAGP Soli,Lyu Crystal Structure Engineering Enables Enhanced Ionic Conductivity in LAGP Solid‐State,Chemistry A European J,2025,/Users/iyakavets/Downloads/Sorted_2026-05-09/PDFs/Research_Papers/Chemistry A European J - 2025 - Lyu - Crystal Structure Engineering Enables Enhanced Ionic Conductivity in LAGP Solid%E2%80%90State.pdf,Materials Discovery
"Paper - Collins,-Evan-2025-10-01-Self-driving-labs-for-biotechnology","Collins,-Evan-2025-10-01-Self-driving-labs-for-biotechnology",,2025,"/Users/iyakavets/Downloads/Sorted_2026-05-09/PDFs/Research_Papers/Collins,-Evan-2025-10-01-Self-driving-labs-for-biotechnology.pdf",Self-Driving Labs
Paper - d3dd00115f,d3dd00115f,,,/Users/iyakavets/Downloads/Sorted_2026-05-09/PDFs/Research_Papers/d3dd00115f.pdf,Research Papers
Paper - d5dd00336a,d5dd00336a,,,/Users/iyakavets/Downloads/Sorted_2026-05-09/PDFs/Research_Papers/d5dd00336a.pdf,Research Papers
Paper - d5lc00311c,d5lc00311c,,,/Users/iyakavets/Downloads/Sorted_2026-05-09/PDFs/Research_Papers/d5lc00311c.pdf,Research Papers
Paper - d5nj00172b,d5nj00172b,,,/Users/iyakavets/Downloads/Sorted_2026-05-09/PDFs/Research_Papers/d5nj00172b.pdf,Research Papers
Paper - el agente,el agente,,,/Users/iyakavets/Downloads/Sorted_2026-05-09/PDFs/Research_Papers/el_agente.pdf,Biomedical AI Agents
Paper - elife-77007-v1,elife-77007-v1,,,/Users/iyakavets/Downloads/Sorted_2026-05-09/PDFs/Research_Papers/elife-77007-v1.pdf,Research Papers
Paper - f0ac5fa4,f0ac5fa4,,,/Users/iyakavets/Downloads/Sorted_2026-05-09/PDFs/Research_Papers/f0ac5fa4.pdf,Research Papers
Paper - fig8,fig8,,,/Users/iyakavets/Downloads/Sorted_2026-05-09/PDFs/Research_Papers/fig8.pdf,Research Papers
Paper - fig8a,fig8a,,,/Users/iyakavets/Downloads/Sorted_2026-05-09/PDFs/Research_Papers/fig8a.pdf,Research Papers
Paper - fig 2 barplot,fig 2 barplot,,,/Users/iyakavets/Downloads/Sorted_2026-05-09/PDFs/Research_Papers/fig_2_barplot.pdf,Research Papers
Paper - fmats-10-1337485,fmats-10-1337485,,,/Users/iyakavets/Downloads/Sorted_2026-05-09/PDFs/Research_Papers/fmats-10-1337485.pdf,Research Papers
Paper - gic aisci faqs,gic aisci faqs,,,/Users/iyakavets/Downloads/Sorted_2026-05-09/PDFs/Research_Papers/gic_aisci_faqs.pdf,Research Papers
"Paper - Gonzales,Woods-Digital.Image.Processing.4th.Edition","Gonzales,Woods-Digital.Image.Processing.4th.Edition",,,"/Users/iyakavets/Downloads/Sorted_2026-05-09/PDFs/Research_Papers/Gonzales,Woods-Digital.Image.Processing.4th.Edition.pdf",Reference and Textbook
Paper - Digital twin enhanced three organ m,Digital twin enhanced three organ m,Graf,2025,/Users/iyakavets/Downloads/Sorted_2026-05-09/PDFs/Research_Papers/Graf-2025-Digital-twin-enhanced-three-organ-m.pdf,Digital Twins and Modeling
Paper - hardman-et-al-2024-an-in-vitro-agent-based-modelling-approach-to-optimization-of-c,hardman-et-al-2024-an-in-vitro-agent-based-modelling-approach-to-optimization-of-culture-medium-for-generating-muscle,,2024,/Users/iyakavets/Downloads/Sorted_2026-05-09/PDFs/Research_Papers/hardman-et-al-2024-an-in-vitro-agent-based-modelling-approach-to-optimization-of-culture-medium-for-generating-muscle.pdf,Optimization and Bayesian Search;Digital Twins and Modeling
Paper - Heliyon,Heliyon,,,/Users/iyakavets/Downloads/Sorted_2026-05-09/PDFs/Research_Papers/Heliyon.pdf,Research Papers
Paper - Huang-K-06-02-2025-Biomni--A-General-Purpose-Biomedical-AI-Agent---PubMed,Huang-K-06-02-2025-Biomni--A-General-Purpose-Biomedical-AI-Agent---PubMed,,2025,/Users/iyakavets/Downloads/Sorted_2026-05-09/PDFs/Research_Papers/Huang-K-06-02-2025-Biomni--A-General-Purpose-Biomedical-AI-Agent---PubMed.pdf,Biomedical AI Agents
Paper - jamasurgery gowrishankar 2025 rv 250005 1749660686.74699-2,jamasurgery gowrishankar 2025 rv 250005 1749660686.74699-2,,2025,/Users/iyakavets/Downloads/Sorted_2026-05-09/PDFs/Research_Papers/jamasurgery_gowrishankar_2025_rv_250005_1749660686.74699-2.pdf,Research Papers
Paper - jamasurgery gowrishankar 2025 rv 250005 1749660686.74699,jamasurgery gowrishankar 2025 rv 250005 1749660686.74699,,2025,/Users/iyakavets/Downloads/Sorted_2026-05-09/PDFs/Research_Papers/jamasurgery_gowrishankar_2025_rv_250005_1749660686.74699.pdf,Research Papers
Paper - journal.pone.0291625,journal.pone.0291625,,,/Users/iyakavets/Downloads/Sorted_2026-05-09/PDFs/Research_Papers/journal.pone.0291625.pdf,Research Papers
Paper - Kane-KIW-02-11-2019-Automated-microfluidic-cell-culture-of-stem-cell-derived-dopam,Kane-KIW-02-11-2019-Automated-microfluidic-cell-culture-of-stem-cell-derived-dopaminergic-neurons---PubMed (1),,2019,/Users/iyakavets/Downloads/Sorted_2026-05-09/PDFs/Research_Papers/Kane-KIW-02-11-2019-Automated-microfluidic-cell-culture-of-stem-cell-derived-dopaminergic-neurons---PubMed (1).pdf,Microfluidics
Paper - Kane-KIW-02-11-2019-Automated-microfluidic-cell-culture-of-stem-cell-derived-dopam (2),Kane-KIW-02-11-2019-Automated-microfluidic-cell-culture-of-stem-cell-derived-dopaminergic-neurons---PubMed,,2019,/Users/iyakavets/Downloads/Sorted_2026-05-09/PDFs/Research_Papers/Kane-KIW-02-11-2019-Automated-microfluidic-cell-culture-of-stem-cell-derived-dopaminergic-neurons---PubMed.pdf,Microfluidics
"Paper - Leung,-Chak-Ming-2022-05-12-A-guide-to-the-organ-on-a-chip","Leung,-Chak-Ming-2022-05-12-A-guide-to-the-organ-on-a-chip",,2022,"/Users/iyakavets/Downloads/Sorted_2026-05-09/PDFs/Research_Papers/Leung,-Chak-Ming-2022-05-12-A-guide-to-the-organ-on-a-chip.pdf",Organ-on-Chip;Reference and Textbook
"Paper - Li,-Songhao-2025-09-24-A-co-evolving-agentic-AI-system-for-medical-imaging-analysi","Li,-Songhao-2025-09-24-A-co-evolving-agentic-AI-system-for-medical-imaging-analysis",,2025,"/Users/iyakavets/Downloads/Sorted_2026-05-09/PDFs/Research_Papers/Li,-Songhao-2025-09-24-A-co-evolving-agentic-AI-system-for-medical-imaging-analysis.pdf",Research Papers
Paper - Liu 2026 Biofabrication 18 013001,Liu 2026 Biofabrication 18 013001,,2026,/Users/iyakavets/Downloads/Sorted_2026-05-09/PDFs/Research_Papers/Liu_2026_Biofabrication_18_013001.pdf,Biofabrication
Paper - luo-et-al-2024-review-of-ionic-conductivity-properties-of-nasicon-type-inorganic-s,luo-et-al-2024-review-of-ionic-conductivity-properties-of-nasicon-type-inorganic-solid-electrolyte-latp,,2024,/Users/iyakavets/Downloads/Sorted_2026-05-09/PDFs/Research_Papers/luo-et-al-2024-review-of-ionic-conductivity-properties-of-nasicon-type-inorganic-solid-electrolyte-latp.pdf,Research Papers
"Paper - medip,1388-5211-1-CE","medip,+1388-5211-1-CE",,,"/Users/iyakavets/Downloads/Sorted_2026-05-09/PDFs/Research_Papers/medip,+1388-5211-1-CE.pdf",Research Papers
Paper - mirror coloration,mirror coloration,,,/Users/iyakavets/Downloads/Sorted_2026-05-09/PDFs/Research_Papers/mirror coloration.pdf,Research Papers
Paper - mmc2,mmc2,,,/Users/iyakavets/Downloads/Sorted_2026-05-09/PDFs/Research_Papers/mmc2.pdf,Research Papers
Paper - Self driving laboratories in Japan,Self driving laboratories in Japan,Naruki Yoshikawa,2025,/Users/iyakavets/Downloads/Sorted_2026-05-09/PDFs/Research_Papers/Naruki-Yoshikawa-2025-06-11-Self-driving-laboratories-in-Japan.pdf,Self-Driving Labs
Paper - Nov A human kidney and liver organoid based multi organ on a chip model to study t,Nov A human kidney and liver organoid based multi organ on a chip model to study the therapeutic effects and biodistribution of mesenchymal stromal cell derived extracellular vesicles: PubMed,Nguyen VVT,2022,/Users/iyakavets/Downloads/Sorted_2026-05-09/PDFs/Research_Papers/Nguyen-VVT-2022-Nov-A-human-kidney-and-liver-organoid-based-multi-organ-on-a-chip-model-to-study-the-therapeutic-effects-and-biodistribution-of-mesenchymal-stromal-cell-derived-extracellular-vesicles---PubMed.pdf,Organ-on-Chip;Organoids;Digital Twins and Modeling;Cancer and Therapeutics
Paper - nmeth.3507,nmeth.3507,,,/Users/iyakavets/Downloads/Sorted_2026-05-09/PDFs/Research_Papers/nmeth.3507.pdf,Research Papers
Paper - nn1c11421 si 001,nn1c11421 si 001,,,/Users/iyakavets/Downloads/Sorted_2026-05-09/PDFs/Research_Papers/nn1c11421_si_001.pdf,Research Papers
Paper - Optimizing Patient-Specific Multidrug Regimens Cancer Therapy Feb 28 IY,Optimizing Patient-Specific Multidrug Regimens Cancer Therapy Feb 28 IY,,,/Users/iyakavets/Downloads/Sorted_2026-05-09/PDFs/Research_Papers/Optimizing Patient-Specific Multidrug Regimens Cancer Therapy_Feb 28_IY.pdf,Optimization and Bayesian Search;Cancer and Therapeutics
Paper - Robotics Engineering Assistant Job Post,Robotics Engineering Assistant Job Post,,,/Users/iyakavets/Downloads/Sorted_2026-05-09/PDFs/Research_Papers/Robotics Engineering Assistant Job Post.pdf,Lab Automation
Paper - s11671-021-03553-8,s11671-021-03553-8,,,/Users/iyakavets/Downloads/Sorted_2026-05-09/PDFs/Research_Papers/s11671-021-03553-8.pdf,Research Papers
Paper - s11912-020-00942-7,s11912-020-00942-7,,,/Users/iyakavets/Downloads/Sorted_2026-05-09/PDFs/Research_Papers/s11912-020-00942-7.pdf,Research Papers
Paper - s12951-024-02625-y,s12951-024-02625-y,,,/Users/iyakavets/Downloads/Sorted_2026-05-09/PDFs/Research_Papers/s12951-024-02625-y.pdf,Research Papers
Paper - s13206-023-00114-2,s13206-023-00114-2,,,/Users/iyakavets/Downloads/Sorted_2026-05-09/PDFs/Research_Papers/s13206-023-00114-2.pdf,Research Papers
Paper - s41392-024-01856-7,s41392-024-01856-7,,,/Users/iyakavets/Downloads/Sorted_2026-05-09/PDFs/Research_Papers/s41392-024-01856-7.pdf,Research Papers
Paper - s41467-021-22518-0 1,s41467-021-22518-0 (1),,,/Users/iyakavets/Downloads/Sorted_2026-05-09/PDFs/Research_Papers/s41467-021-22518-0 (1).pdf,Research Papers
Paper - s41467-021-22518-0,s41467-021-22518-0,,,/Users/iyakavets/Downloads/Sorted_2026-05-09/PDFs/Research_Papers/s41467-021-22518-0.pdf,Research Papers
Paper - s41467-025-56818-6,s41467-025-56818-6,,,/Users/iyakavets/Downloads/Sorted_2026-05-09/PDFs/Research_Papers/s41467-025-56818-6.pdf,Research Papers
Paper - s41551-019-0497-x,s41551-019-0497-x,,,/Users/iyakavets/Downloads/Sorted_2026-05-09/PDFs/Research_Papers/s41551-019-0497-x.pdf,Research Papers
Paper - s41551-022-00882-6,s41551-022-00882-6,,,/Users/iyakavets/Downloads/Sorted_2026-05-09/PDFs/Research_Papers/s41551-022-00882-6.pdf,Research Papers
Paper - s41573-020-0090-8,s41573-020-0090-8,,,/Users/iyakavets/Downloads/Sorted_2026-05-09/PDFs/Research_Papers/s41573-020-0090-8.pdf,Research Papers
Paper - s41573-022-00615-z,s41573-022-00615-z,,,/Users/iyakavets/Downloads/Sorted_2026-05-09/PDFs/Research_Papers/s41573-022-00615-z.pdf,Research Papers
Paper - s41587-024-02490-y,s41587-024-02490-y,,,/Users/iyakavets/Downloads/Sorted_2026-05-09/PDFs/Research_Papers/s41587-024-02490-y.pdf,Research Papers
Paper - s41598-017-01013-x,s41598-017-01013-x,,,/Users/iyakavets/Downloads/Sorted_2026-05-09/PDFs/Research_Papers/s41598-017-01013-x.pdf,Research Papers
Paper - s41598-025-17876-4,s41598-025-17876-4,,,/Users/iyakavets/Downloads/Sorted_2026-05-09/PDFs/Research_Papers/s41598-025-17876-4.pdf,Research Papers
Paper - s41598-025-89069-y,s41598-025-89069-y,,,/Users/iyakavets/Downloads/Sorted_2026-05-09/PDFs/Research_Papers/s41598-025-89069-y.pdf,Research Papers
Paper - s41746-025-01836-3,s41746-025-01836-3,,,/Users/iyakavets/Downloads/Sorted_2026-05-09/PDFs/Research_Papers/s41746-025-01836-3.pdf,Research Papers
Paper - s43588-025-00885-8,s43588-025-00885-8,,,/Users/iyakavets/Downloads/Sorted_2026-05-09/PDFs/Research_Papers/s43588-025-00885-8.pdf,Research Papers
Paper - s44222-024-00207-z,s44222-024-00207-z,,,/Users/iyakavets/Downloads/Sorted_2026-05-09/PDFs/Research_Papers/s44222-024-00207-z.pdf,Research Papers
Paper - s44386-024-00004-z,s44386-024-00004-z,,,/Users/iyakavets/Downloads/Sorted_2026-05-09/PDFs/Research_Papers/s44386-024-00004-z.pdf,Research Papers
Paper - sciadv.adt1851,sciadv.adt1851,,,/Users/iyakavets/Downloads/Sorted_2026-05-09/PDFs/Research_Papers/sciadv.adt1851.pdf,Research Papers
Paper - Empowering biomedical discovery with AI agents,Empowering biomedical discovery with AI agents,Shanghua Gao,2024,/Users/iyakavets/Downloads/Sorted_2026-05-09/PDFs/Research_Papers/Shanghua-Gao-2024-10-31-Empowering-biomedical-discovery-with-AI-agents.pdf,Biomedical AI Agents
Paper - TakaHuman Robotic Automation Advisor JD 8,TakaHuman Robotic Automation Advisor JD (8),,,/Users/iyakavets/Downloads/Sorted_2026-05-09/PDFs/Research_Papers/TakaHuman_Robotic_Automation_Advisor_JD (8).pdf,Lab Automation
Paper - Undermind - Comparative analyses of organoid and organ-on-chip biofabrication work,Undermind - Comparative analyses of organoid and organ-on-chip biofabrication workflows exposing automation gaps for self-driving systems,,,/Users/iyakavets/Downloads/Sorted_2026-05-09/PDFs/Research_Papers/Undermind - Comparative analyses of organoid and organ-on-chip biofabrication workflows exposing automation gaps for self-driving systems.pdf,Self-Driving Labs;Lab Automation;Organoids;Biofabrication
Paper - Undermind - Software wrappers and intermediate device OSs for Pythonic lab automat,Undermind - Software wrappers and intermediate device OSs for Pythonic lab automation,,,/Users/iyakavets/Downloads/Sorted_2026-05-09/PDFs/Research_Papers/Undermind - Software wrappers and intermediate device OSs for Pythonic lab automation.pdf,Lab Automation;Biomedical AI Agents
Paper - Feb 16 CellSAM A Foundation Model for Cell Segmentation,Feb 16 CellSAM: A Foundation Model for Cell Segmentation,Uriah Israel,2025,/Users/iyakavets/Downloads/Sorted_2026-05-09/PDFs/Research_Papers/Uriah-Israel-2025-Feb-16-CellSAM--A-Foundation-Model-for-Cell-Segmentation.pdf,Foundation Models;Computer Vision for Biology;Digital Twins and Modeling
Paper - Organ On A Chip OOC Image Dataset for Machine Learning and Tissue Model Evaluation,Organ On A Chip (OOC) Image Dataset for Machine Learning and Tissue Model Evaluation (1),Valērija Movčana,2024,/Users/iyakavets/Downloads/Sorted_2026-05-09/PDFs/Research_Papers/Valērija-Movčana-2024-02-01-Organ-On-A-Chip-(OOC)-Image-Dataset-for-Machine-Learning-and-Tissue-Model-Evaluation (1).pdf,Organ-on-Chip;Biofabrication;Digital Twins and Modeling
Paper - Organ On A Chip OOC Image Dataset for Machine Learning and Tissue Model Evaluation (2),Organ On A Chip (OOC) Image Dataset for Machine Learning and Tissue Model Evaluation,Valērija Movčana,2024,/Users/iyakavets/Downloads/Sorted_2026-05-09/PDFs/Research_Papers/Valērija-Movčana-2024-02-01-Organ-On-A-Chip-(OOC)-Image-Dataset-for-Machine-Learning-and-Tissue-Model-Evaluation.pdf,Organ-on-Chip;Biofabrication;Digital Twins and Modeling
"Paper - Wang,-Wei-2024-12-30-Artificial-intelligence-driven-rational-design-of-ionizable-l","Wang,-Wei-2024-12-30-Artificial-intelligence-driven-rational-design-of-ionizable-lipids-for-mRNA-delivery",,2024,"/Users/iyakavets/Downloads/Sorted_2026-05-09/PDFs/Research_Papers/Wang,-Wei-2024-12-30-Artificial-intelligence-driven-rational-design-of-ionizable-lipids-for-mRNA-delivery.pdf",Materials Discovery
"Paper - Wenckstern,-Johann-2025-01-10-AI-powered-virtual-tissues-from-spatial-proteomics-f","Wenckstern,-Johann-2025-01-10-AI-powered-virtual-tissues-from-spatial-proteomics-for-clinical-diagnostics-and-biomedical-discovery",,2025,"/Users/iyakavets/Downloads/Sorted_2026-05-09/PDFs/Research_Papers/Wenckstern,-Johann-2025-01-10-AI-powered-virtual-tissues-from-spatial-proteomics-for-clinical-diagnostics-and-biomedical-discovery.pdf",Biofabrication;Biosensors and Diagnostics
"Paper - Wu,-Tianyi-2025-02-08-Self-driving-lab-for-the-photochemical-synthesis-of-plasmoni","Wu,-Tianyi-2025-02-08-Self-driving-lab-for-the-photochemical-synthesis-of-plasmonic-nanoparticles-with-targeted-structural-and-optical-properties",,2025,"/Users/iyakavets/Downloads/Sorted_2026-05-09/PDFs/Research_Papers/Wu,-Tianyi-2025-02-08-Self-driving-lab-for-the-photochemical-synthesis-of-plasmonic-nanoparticles-with-targeted-structural-and-optical-properties.pdf",Self-Driving Labs;Materials Discovery
Paper - 7 3 Robust cardiomyocyte differentiation from human pluripotent stem cells via tem,7 3 Robust cardiomyocyte differentiation from human pluripotent stem cells via temporal modulation of canonical Wnt signaling,Xiaojun Lian,2012,/Users/iyakavets/Downloads/Sorted_2026-05-09/PDFs/Research_Papers/Xiaojun-Lian-2012-7-3-Robust-cardiomyocyte-differentiation-from-human-pluripotent-stem-cells-via-temporal-modulation-of-canonical-Wnt-signaling.pdf,iPSC and Stem Cells
Paper - An artificial intelligence enabled chemical synthesis robot for exploration and op,An artificial intelligence enabled chemical synthesis robot for exploration and optimization of nanomaterials,Yibin Jiang,2022,/Users/iyakavets/Downloads/Sorted_2026-05-09/PDFs/Research_Papers/Yibin-Jiang-2022-10-An-artificial-intelligence-enabled-chemical-synthesis-robot-for-exploration-and-optimization-of-nanomaterials.pdf,Lab Automation;Optimization and Bayesian Search;Materials Discovery
Paper - yin2019,yin2019,,2019,/Users/iyakavets/Downloads/Sorted_2026-05-09/PDFs/Research_Papers/yin2019.pdf,Research Papers
Paper - El Agente An autonomous agent for quantum chemistry,El Agente: An autonomous agent for quantum chemistry,Yunheng Zou,2025,/Users/iyakavets/Downloads/Sorted_2026-05-09/PDFs/Research_Papers/Yunheng-Zou-2025-07-02-El-Agente--An-autonomous-agent-for-quantum-chemistry.pdf,Self-Driving Labs;Biomedical AI Agents
