title,local_path
2020-X-ray-User-Authorized-List.pdf,/Users/iyakavets/Documents/obsidian/viprorok/EHS Wiki/PDFs/2020-X-ray-User-Authorized-List.pdf
3M-1804-1804S-Instructions.pdf,/Users/iyakavets/Documents/obsidian/viprorok/EHS Wiki/PDFs/3M-1804-1804S-Instructions.pdf
3M-1860-1860S-Instructions.pdf,/Users/iyakavets/Documents/obsidian/viprorok/EHS Wiki/PDFs/3M-1860-1860S-Instructions.pdf
3M-8210_8110S-User-Instructions.pdf,/Users/iyakavets/Documents/obsidian/viprorok/EHS Wiki/PDFs/3M-8210_8110S-User-Instructions.pdf
3M-8511-instructions.pdf,/Users/iyakavets/Documents/obsidian/viprorok/EHS Wiki/PDFs/3M-8511-instructions.pdf
3M-9105-9105S-instructions.pdf,/Users/iyakavets/Documents/obsidian/viprorok/EHS Wiki/PDFs/3M-9105-9105S-instructions.pdf
3M-Aura-1870-Instructions.pdf,/Users/iyakavets/Documents/obsidian/viprorok/EHS Wiki/PDFs/3M-Aura-1870-Instructions.pdf
3M-aura-9210-instructions.pdf,/Users/iyakavets/Documents/obsidian/viprorok/EHS Wiki/PDFs/3M-aura-9210-instructions.pdf
3M-Full-Face-Respirator-Instructions.pdf,/Users/iyakavets/Documents/obsidian/viprorok/EHS Wiki/PDFs/3M-Full-Face-Respirator-Instructions.pdf
3M-half-facepiece-instructions.pdf,/Users/iyakavets/Documents/obsidian/viprorok/EHS Wiki/PDFs/3M-half-facepiece-instructions.pdf
3M_Selection-Guide.pdf,/Users/iyakavets/Documents/obsidian/viprorok/EHS Wiki/PDFs/3M_Selection-Guide.pdf
AAC-membership-Nov-2021-for-website.pdf,/Users/iyakavets/Documents/obsidian/viprorok/EHS Wiki/PDFs/AAC-membership-Nov-2021-for-website.pdf
AppA_CSDecisionTree20170707.pdf,/Users/iyakavets/Documents/obsidian/viprorok/EHS Wiki/PDFs/AppA_CSDecisionTree20170707.pdf
AppB-F_ConfinedSpaceSOPs-20161102.pdf,/Users/iyakavets/Documents/obsidian/viprorok/EHS Wiki/PDFs/AppB-F_ConfinedSpaceSOPs-20161102.pdf
Appendix-A_University-of-Toronto-Firearms-in-Research-Guidelines.pdf,/Users/iyakavets/Documents/obsidian/viprorok/EHS Wiki/PDFs/Appendix-A_University-of-Toronto-Firearms-in-Research-Guidelines.pdf
Appendix-IV-Required-Info-Waste-Info.pdf,/Users/iyakavets/Documents/obsidian/viprorok/EHS Wiki/PDFs/Appendix-IV-Required-Info-Waste-Info.pdf
AppG-J-ConfinedSpace-Forms20170821.pdf,/Users/iyakavets/Documents/obsidian/viprorok/EHS Wiki/PDFs/AppG-J-ConfinedSpace-Forms20170821.pdf
Asbestos-Awareness-Guide-June-2016.pdf,/Users/iyakavets/Documents/obsidian/viprorok/EHS Wiki/PDFs/Asbestos-Awareness-Guide-June-2016.pdf
Asbestos-Management-Policy.pdf,/Users/iyakavets/Documents/obsidian/viprorok/EHS Wiki/PDFs/Asbestos-Management-Policy.pdf
asbestos-poster.pdf,/Users/iyakavets/Documents/obsidian/viprorok/EHS Wiki/PDFs/asbestos-poster.pdf
Asbestos-Respiratory-Protection-Summary.pdf,/Users/iyakavets/Documents/obsidian/viprorok/EHS Wiki/PDFs/Asbestos-Respiratory-Protection-Summary.pdf
Asbestos_Bulk_Sampling_Requirements.pdf,/Users/iyakavets/Documents/obsidian/viprorok/EHS Wiki/PDFs/Asbestos_Bulk_Sampling_Requirements.pdf
AsbestosManagementProgram20190409.pdf,/Users/iyakavets/Documents/obsidian/viprorok/EHS Wiki/PDFs/AsbestosManagementProgram20190409.pdf
Assessment-for-Dual-Use-Subform-Level-1-2.pdf,/Users/iyakavets/Documents/obsidian/viprorok/EHS Wiki/PDFs/Assessment-for-Dual-Use-Subform-Level-1-2.pdf
Autoclave-SOP.pdf,/Users/iyakavets/Documents/obsidian/viprorok/EHS Wiki/PDFs/Autoclave-SOP.pdf
Avoid-Contaminating-the-Building.pdf,/Users/iyakavets/Documents/obsidian/viprorok/EHS Wiki/PDFs/Avoid-Contaminating-the-Building.pdf
Baking-and-Cooking.pdf,/Users/iyakavets/Documents/obsidian/viprorok/EHS Wiki/PDFs/Baking-and-Cooking.pdf
Bed-Bug-Procedure-Updated.doc.pdf,/Users/iyakavets/Documents/obsidian/viprorok/EHS Wiki/PDFs/Bed-Bug-Procedure-Updated.doc.pdf
Board-of-Laser-Safety.pdf,/Users/iyakavets/Documents/obsidian/viprorok/EHS Wiki/PDFs/Board-of-Laser-Safety.pdf
BSC-Failure-or-Alarm-Poster.pdf,/Users/iyakavets/Documents/obsidian/viprorok/EHS Wiki/PDFs/BSC-Failure-or-Alarm-Poster.pdf
Bucket-List-Poster.pdf,/Users/iyakavets/Documents/obsidian/viprorok/EHS Wiki/PDFs/Bucket-List-Poster.pdf
Chemical-Storage-Flowchart.pdf,/Users/iyakavets/Documents/obsidian/viprorok/EHS Wiki/PDFs/Chemical-Storage-Flowchart.pdf
Chemical-Storage-Table-Updated.pdf,/Users/iyakavets/Documents/obsidian/viprorok/EHS Wiki/PDFs/Chemical-Storage-Table-Updated.pdf
Chemical-transport-secondary-containment.pdf,/Users/iyakavets/Documents/obsidian/viprorok/EHS Wiki/PDFs/Chemical-transport-secondary-containment.pdf
Cleaning-Bird-and-Animal-Urine-Feces-and-Nesting-Areas.pdf,/Users/iyakavets/Documents/obsidian/viprorok/EHS Wiki/PDFs/Cleaning-Bird-and-Animal-Urine-Feces-and-Nesting-Areas.pdf
Cleanup-of-Laboratory-Surfaces-Contaminated-with-Ethidium-Bromide-Updated.pdf,/Users/iyakavets/Documents/obsidian/viprorok/EHS Wiki/PDFs/Cleanup-of-Laboratory-Surfaces-Contaminated-with-Ethidium-Bromide-Updated.pdf
Cold-Stress.pdf,/Users/iyakavets/Documents/obsidian/viprorok/EHS Wiki/PDFs/Cold-Stress.pdf
Compressed-gas-safety-standard-November-2021.pdf,/Users/iyakavets/Documents/obsidian/viprorok/EHS Wiki/PDFs/Compressed-gas-safety-standard-November-2021.pdf
confinedspaceprogram-20170707.pdf,/Users/iyakavets/Documents/obsidian/viprorok/EHS Wiki/PDFs/confinedspaceprogram-20170707.pdf
contamination-survey-Updated.pdf,/Users/iyakavets/Documents/obsidian/viprorok/EHS Wiki/PDFs/contamination-survey-Updated.pdf
Control-Program-for-Liquid-Cryogenic-Transfer-Facilities.pdf,/Users/iyakavets/Documents/obsidian/viprorok/EHS Wiki/PDFs/Control-Program-for-Liquid-Cryogenic-Transfer-Facilities.pdf
Crystalline-Silica-Procedures-September-2016.pdf,/Users/iyakavets/Documents/obsidian/viprorok/EHS Wiki/PDFs/Crystalline-Silica-Procedures-September-2016.pdf
Decommissioning-form-for-Biological-agents.pdf,/Users/iyakavets/Documents/obsidian/viprorok/EHS Wiki/PDFs/Decommissioning-form-for-Biological-agents.pdf
Do-not-Eat-the-Chemicals-You-Work-With.pdf,/Users/iyakavets/Documents/obsidian/viprorok/EHS Wiki/PDFs/Do-not-Eat-the-Chemicals-You-Work-With.pdf
Dont-Be-On-The-Wrong-Side-Of-Safety-Poster.pdf,/Users/iyakavets/Documents/obsidian/viprorok/EHS Wiki/PDFs/Dont-Be-On-The-Wrong-Side-Of-Safety-Poster.pdf
Dosimeter-Application-Form-Jan-2025.pdf,/Users/iyakavets/Documents/obsidian/viprorok/EHS Wiki/PDFs/Dosimeter-Application-Form-Jan-2025.pdf
Doxorubicin.pdf,/Users/iyakavets/Documents/obsidian/viprorok/EHS Wiki/PDFs/Doxorubicin.pdf
Dress-for-the-Occasion-Poster.pdf,/Users/iyakavets/Documents/obsidian/viprorok/EHS Wiki/PDFs/Dress-for-the-Occasion-Poster.pdf
EHS-EPS-Emergency-Contacts-St.-George-Campus-1.pdf,/Users/iyakavets/Documents/obsidian/viprorok/EHS Wiki/PDFs/EHS-EPS-Emergency-Contacts-St.-George-Campus-1.pdf
EHS-Radon-Testing-Procedures_Nov-2025.pdf,/Users/iyakavets/Documents/obsidian/viprorok/EHS Wiki/PDFs/EHS-Radon-Testing-Procedures_Nov-2025.pdf
EHS-Respirator-Fit-Testing-Procedures.pdf,/Users/iyakavets/Documents/obsidian/viprorok/EHS Wiki/PDFs/EHS-Respirator-Fit-Testing-Procedures.pdf
EHS_LadderInspectionTag.pdf,/Users/iyakavets/Documents/obsidian/viprorok/EHS Wiki/PDFs/EHS_LadderInspectionTag.pdf
EHSConsiderations_Makerspace.pdf,/Users/iyakavets/Documents/obsidian/viprorok/EHS Wiki/PDFs/EHSConsiderations_Makerspace.pdf
Electrical-Equipment-Guidance.pdf,/Users/iyakavets/Documents/obsidian/viprorok/EHS Wiki/PDFs/Electrical-Equipment-Guidance.pdf
Emergency-Eyewash-and-Shower-Std.pdf,/Users/iyakavets/Documents/obsidian/viprorok/EHS Wiki/PDFs/Emergency-Eyewash-and-Shower-Std.pdf
EPS-Chemical-Waste-Label-June-2021.pdf,/Users/iyakavets/Documents/obsidian/viprorok/EHS Wiki/PDFs/EPS-Chemical-Waste-Label-June-2021.pdf
EPS-Handout.pdf,/Users/iyakavets/Documents/obsidian/viprorok/EHS Wiki/PDFs/EPS-Handout.pdf
EPS-Spill-Handout.pdf,/Users/iyakavets/Documents/obsidian/viprorok/EHS Wiki/PDFs/EPS-Spill-Handout.pdf
Equipment-Checklist.pdf,/Users/iyakavets/Documents/obsidian/viprorok/EHS Wiki/PDFs/Equipment-Checklist.pdf
External-Contractors-Form.pdf,/Users/iyakavets/Documents/obsidian/viprorok/EHS Wiki/PDFs/External-Contractors-Form.pdf
Eye-Protection-Standard.pdf,/Users/iyakavets/Documents/obsidian/viprorok/EHS Wiki/PDFs/Eye-Protection-Standard.pdf
Eyewash-and-Shower-Needs-Assessment-Flowchart.pdf,/Users/iyakavets/Documents/obsidian/viprorok/EHS Wiki/PDFs/Eyewash-and-Shower-Needs-Assessment-Flowchart.pdf
FAChecklistCSAZ1220-17_May2022.pdf,/Users/iyakavets/Documents/obsidian/viprorok/EHS Wiki/PDFs/FAChecklistCSAZ1220-17_May2022.pdf
First-Aid-Program.pdf,/Users/iyakavets/Documents/obsidian/viprorok/EHS Wiki/PDFs/First-Aid-Program.pdf
First-Aid-Treatment-Log.pdf,/Users/iyakavets/Documents/obsidian/viprorok/EHS Wiki/PDFs/First-Aid-Treatment-Log.pdf
First-Aiders_guidance.pdf,/Users/iyakavets/Documents/obsidian/viprorok/EHS Wiki/PDFs/First-Aiders_guidance.pdf
First_Aid_Checklist_nov2016-Updated.pdf,/Users/iyakavets/Documents/obsidian/viprorok/EHS Wiki/PDFs/First_Aid_Checklist_nov2016-Updated.pdf
FSMemoChangestoWorkspace.pdf,/Users/iyakavets/Documents/obsidian/viprorok/EHS Wiki/PDFs/FSMemoChangestoWorkspace.pdf
Fume-Hoods-03-Design-Standard_November-2018.pdf,/Users/iyakavets/Documents/obsidian/viprorok/EHS Wiki/PDFs/Fume-Hoods-03-Design-Standard_November-2018.pdf
Fume-Hoods-05-User-Guidelines-Updated.pdf,/Users/iyakavets/Documents/obsidian/viprorok/EHS Wiki/PDFs/Fume-Hoods-05-User-Guidelines-Updated.pdf
Generic-Lab-Emergency-Contact-List_Fillable-PDF.pdf,/Users/iyakavets/Documents/obsidian/viprorok/EHS Wiki/PDFs/Generic-Lab-Emergency-Contact-List_Fillable-PDF.pdf
GroundsHandbook2017_20170105.pdf,/Users/iyakavets/Documents/obsidian/viprorok/EHS Wiki/PDFs/GroundsHandbook2017_20170105.pdf
Guidance-on-Communication-Systems-for-Summoning-Emergency-Response.pdf,/Users/iyakavets/Documents/obsidian/viprorok/EHS Wiki/PDFs/Guidance-on-Communication-Systems-for-Summoning-Emergency-Response.pdf
Guide-for-Completing-the-Level-1-and-2-Biosafety-Permit.pdf,/Users/iyakavets/Documents/obsidian/viprorok/EHS Wiki/PDFs/Guide-for-Completing-the-Level-1-and-2-Biosafety-Permit.pdf
Guide-to-Filling-the-Level-1-and-2-Amendment-July-28.pdf,/Users/iyakavets/Documents/obsidian/viprorok/EHS Wiki/PDFs/Guide-to-Filling-the-Level-1-and-2-Amendment-July-28.pdf
Guideline-Biosafety-Manual-and-Emergency-Response-Plan-for-Level-1-Permits.pdf,/Users/iyakavets/Documents/obsidian/viprorok/EHS Wiki/PDFs/Guideline-Biosafety-Manual-and-Emergency-Response-Plan-for-Level-1-Permits.pdf
Guideline-Biosafety-Manual-and-Emergency-Response-Plan-for-Level-2-Permits-1.pdf,/Users/iyakavets/Documents/obsidian/viprorok/EHS Wiki/PDFs/Guideline-Biosafety-Manual-and-Emergency-Response-Plan-for-Level-2-Permits-1.pdf
Guideline-Operational-Practices-Level-2-Biosafety-Permits.pdf,/Users/iyakavets/Documents/obsidian/viprorok/EHS Wiki/PDFs/Guideline-Operational-Practices-Level-2-Biosafety-Permits.pdf
Guidelines-for-Laboratory-Closure-June-2016.pdf,/Users/iyakavets/Documents/obsidian/viprorok/EHS Wiki/PDFs/Guidelines-for-Laboratory-Closure-June-2016.pdf
Guidelines-for-Purchasing-Modifying-and-Transferring-Laser-Products.pdf,/Users/iyakavets/Documents/obsidian/viprorok/EHS Wiki/PDFs/Guidelines-for-Purchasing-Modifying-and-Transferring-Laser-Products.pdf
Guidelines-for-the-use-of-Carcinogens-and-Teratogens-in-Small-Quantities-February-2020.pdf,/Users/iyakavets/Documents/obsidian/viprorok/EHS Wiki/PDFs/Guidelines-for-the-use-of-Carcinogens-and-Teratogens-in-Small-Quantities-February-2020.pdf
Guidelines-for-Working-in-Loading-Docks.pdf,/Users/iyakavets/Documents/obsidian/viprorok/EHS Wiki/PDFs/Guidelines-for-Working-in-Loading-Docks.pdf
Guidelines-on-Unattended-Autonomous-Experiments-in-the-Laboratory.pdf,/Users/iyakavets/Documents/obsidian/viprorok/EHS Wiki/PDFs/Guidelines-on-Unattended-Autonomous-Experiments-in-the-Laboratory.pdf
Guidelines-on-University-Built-Equipment-March-2025-Ver-1.3.pdf,/Users/iyakavets/Documents/obsidian/viprorok/EHS Wiki/PDFs/Guidelines-on-University-Built-Equipment-March-2025-Ver-1.3.pdf
Guidelines-on-Working-Alone-in-the-Laboratory.pdf,/Users/iyakavets/Documents/obsidian/viprorok/EHS Wiki/PDFs/Guidelines-on-Working-Alone-in-the-Laboratory.pdf
Guidelines-on-Working-With-Nanomaterials-Feb-2020.pdf,/Users/iyakavets/Documents/obsidian/viprorok/EHS Wiki/PDFs/Guidelines-on-Working-With-Nanomaterials-Feb-2020.pdf
Hand-Protection-Gloves.pdf,/Users/iyakavets/Documents/obsidian/viprorok/EHS Wiki/PDFs/Hand-Protection-Gloves.pdf
Handling-and-using-Piranha-Solution-Updated.pdf,/Users/iyakavets/Documents/obsidian/viprorok/EHS Wiki/PDFs/Handling-and-using-Piranha-Solution-Updated.pdf
Head-Protection.pdf,/Users/iyakavets/Documents/obsidian/viprorok/EHS Wiki/PDFs/Head-Protection.pdf
heat-stress-deadly-poster.pdf,/Users/iyakavets/Documents/obsidian/viprorok/EHS Wiki/PDFs/heat-stress-deadly-poster.pdf
Heat-Stress.pdf,/Users/iyakavets/Documents/obsidian/viprorok/EHS Wiki/PDFs/Heat-Stress.pdf
Hechmet-VIM-User-Guide_2025.pdf,/Users/iyakavets/Documents/obsidian/viprorok/EHS Wiki/PDFs/Hechmet-VIM-User-Guide_2025.pdf
HF-First-Aid-Report-Form.pdf,/Users/iyakavets/Documents/obsidian/viprorok/EHS Wiki/PDFs/HF-First-Aid-Report-Form.pdf
HF-Triage-Envelope.pdf,/Users/iyakavets/Documents/obsidian/viprorok/EHS Wiki/PDFs/HF-Triage-Envelope.pdf
HF-Triage-Letter.pdf,/Users/iyakavets/Documents/obsidian/viprorok/EHS Wiki/PDFs/HF-Triage-Letter.pdf
HighHazardChemicalPermitRegistrationForm.pdf,/Users/iyakavets/Documents/obsidian/viprorok/EHS Wiki/PDFs/HighHazardChemicalPermitRegistrationForm.pdf
Honeywell-North-Primair-700-Series-Instruction-Manual.pdf,/Users/iyakavets/Documents/obsidian/viprorok/EHS Wiki/PDFs/Honeywell-North-Primair-700-Series-Instruction-Manual.pdf
Honeywell_North_Cartridge-Filter-Reference-Chart.pdf,/Users/iyakavets/Documents/obsidian/viprorok/EHS Wiki/PDFs/Honeywell_North_Cartridge-Filter-Reference-Chart.pdf
Hot_ColdExpMedSurveillanceSurveyFinal2020.pdf,/Users/iyakavets/Documents/obsidian/viprorok/EHS Wiki/PDFs/Hot_ColdExpMedSurveillanceSurveyFinal2020.pdf
HS-Training-Guide-Admin-Facilities.pdf,/Users/iyakavets/Documents/obsidian/viprorok/EHS Wiki/PDFs/HS-Training-Guide-Admin-Facilities.pdf
HSconsiderationsMultiFaithRooms.pdf,/Users/iyakavets/Documents/obsidian/viprorok/EHS Wiki/PDFs/HSconsiderationsMultiFaithRooms.pdf
Hydrofluoric-Acid-First-Aid-Summary.pdf,/Users/iyakavets/Documents/obsidian/viprorok/EHS Wiki/PDFs/Hydrofluoric-Acid-First-Aid-Summary.pdf
Hydrogen-Fluoride-Protocol.pdf,/Users/iyakavets/Documents/obsidian/viprorok/EHS Wiki/PDFs/Hydrogen-Fluoride-Protocol.pdf
IARC-Carcinogens.pdf,/Users/iyakavets/Documents/obsidian/viprorok/EHS Wiki/PDFs/IARC-Carcinogens.pdf
In-Lab-Procedures-for-Biological-Waste-Handling_v3.3.pdf,/Users/iyakavets/Documents/obsidian/viprorok/EHS Wiki/PDFs/In-Lab-Procedures-for-Biological-Waste-Handling_v3.3.pdf
Institutional-Requirements-for-the-Use-of-X-rays-on-Human-Participants-for-Research-Outcomes.pdf,/Users/iyakavets/Documents/obsidian/viprorok/EHS Wiki/PDFs/Institutional-Requirements-for-the-Use-of-X-rays-on-Human-Participants-for-Research-Outcomes.pdf
Job-Safety-Analysis-Form-November-2019.pdf,/Users/iyakavets/Documents/obsidian/viprorok/EHS Wiki/PDFs/Job-Safety-Analysis-Form-November-2019.pdf
Job-Shadowing.pdf,/Users/iyakavets/Documents/obsidian/viprorok/EHS Wiki/PDFs/Job-Shadowing.pdf
Kitchen-Knife-Safety-Aug-2023.pdf,/Users/iyakavets/Documents/obsidian/viprorok/EHS Wiki/PDFs/Kitchen-Knife-Safety-Aug-2023.pdf
Kitchen-Safety-Guidelines-December-2019.pdf,/Users/iyakavets/Documents/obsidian/viprorok/EHS Wiki/PDFs/Kitchen-Safety-Guidelines-December-2019.pdf
Lab-Coat-Guidelines.pdf,/Users/iyakavets/Documents/obsidian/viprorok/EHS Wiki/PDFs/Lab-Coat-Guidelines.pdf
Lab-Safety-Design-Standard-December_2018.pdf,/Users/iyakavets/Documents/obsidian/viprorok/EHS Wiki/PDFs/Lab-Safety-Design-Standard-December_2018.pdf
Laboratory-Chemical-Safety-Program-V1-2-June-2022.pdf,/Users/iyakavets/Documents/obsidian/viprorok/EHS Wiki/PDFs/Laboratory-Chemical-Safety-Program-V1-2-June-2022.pdf
Laboratory-Guidelines-for-Youth-Outreach-Programs-April-2025.pdf,/Users/iyakavets/Documents/obsidian/viprorok/EHS Wiki/PDFs/Laboratory-Guidelines-for-Youth-Outreach-Programs-April-2025.pdf
Laboratory-PI-inspection-checklist-ver-1.02.pdf,/Users/iyakavets/Documents/obsidian/viprorok/EHS Wiki/PDFs/Laboratory-PI-inspection-checklist-ver-1.02.pdf
Laboratory-PPE-Assessment-Tool.pd-Updated.pdf,/Users/iyakavets/Documents/obsidian/viprorok/EHS Wiki/PDFs/Laboratory-PPE-Assessment-Tool.pd-Updated.pdf
Laboratory-Safety-Program.pdf,/Users/iyakavets/Documents/obsidian/viprorok/EHS Wiki/PDFs/Laboratory-Safety-Program.pdf
Laser-Accident-Victims-View.pdf,/Users/iyakavets/Documents/obsidian/viprorok/EHS Wiki/PDFs/Laser-Accident-Victims-View.pdf
Laser-Lab-Design.pdf,/Users/iyakavets/Documents/obsidian/viprorok/EHS Wiki/PDFs/Laser-Lab-Design.pdf
Laser-Loan-Form.pdf,/Users/iyakavets/Documents/obsidian/viprorok/EHS Wiki/PDFs/Laser-Loan-Form.pdf
Laser-Permit.pdf,/Users/iyakavets/Documents/obsidian/viprorok/EHS Wiki/PDFs/Laser-Permit.pdf
Laser-Safety-Program-U-of-T.pdf,/Users/iyakavets/Documents/obsidian/viprorok/EHS Wiki/PDFs/Laser-Safety-Program-U-of-T.pdf
Lead-Program.pdf,/Users/iyakavets/Documents/obsidian/viprorok/EHS Wiki/PDFs/Lead-Program.pdf
Lead-SOPs-PDF-20171109b.pdf,/Users/iyakavets/Documents/obsidian/viprorok/EHS Wiki/PDFs/Lead-SOPs-PDF-20171109b.pdf
Lenti_Containment_Guidance.pdf,/Users/iyakavets/Documents/obsidian/viprorok/EHS Wiki/PDFs/Lenti_Containment_Guidance.pdf
Lentiviral_Vectors_Guideline_2019.pdf,/Users/iyakavets/Documents/obsidian/viprorok/EHS Wiki/PDFs/Lentiviral_Vectors_Guideline_2019.pdf
Level-1-and-2-Biosafety-Amendment-Application-Form.pdf,/Users/iyakavets/Documents/obsidian/viprorok/EHS Wiki/PDFs/Level-1-and-2-Biosafety-Amendment-Application-Form.pdf
Level-1-and-2-Biosafety-Permit-Application.pdf,/Users/iyakavets/Documents/obsidian/viprorok/EHS Wiki/PDFs/Level-1-and-2-Biosafety-Permit-Application.pdf
Lifting-Devices.pdf,/Users/iyakavets/Documents/obsidian/viprorok/EHS Wiki/PDFs/Lifting-Devices.pdf
Lighting-Ergonomics-Guideline-2023-Final.pdf,/Users/iyakavets/Documents/obsidian/viprorok/EHS Wiki/PDFs/Lighting-Ergonomics-Guideline-2023-Final.pdf
Lighting_Ergonomics_Guidance.pdf,/Users/iyakavets/Documents/obsidian/viprorok/EHS Wiki/PDFs/Lighting_Ergonomics_Guidance.pdf
Lockout-or-Tagout.pdf,/Users/iyakavets/Documents/obsidian/viprorok/EHS Wiki/PDFs/Lockout-or-Tagout.pdf
Lockout-Procedures.pdf,/Users/iyakavets/Documents/obsidian/viprorok/EHS Wiki/PDFs/Lockout-Procedures.pdf
Love-Your-Toes.pdf,/Users/iyakavets/Documents/obsidian/viprorok/EHS Wiki/PDFs/Love-Your-Toes.pdf
LSM.pdf,/Users/iyakavets/Documents/obsidian/viprorok/EHS Wiki/PDFs/LSM.pdf
Machine-Safety-Guidelines-2015.pd-Updated.pdf,/Users/iyakavets/Documents/obsidian/viprorok/EHS Wiki/PDFs/Machine-Safety-Guidelines-2015.pd-Updated.pdf
Maintenance-Contractor-Procedure-for-Working-on-Potentially-Contaminated-Plumbing.pd-Updated.pdf,/Users/iyakavets/Documents/obsidian/viprorok/EHS Wiki/PDFs/Maintenance-Contractor-Procedure-for-Working-on-Potentially-Contaminated-Plumbing.pd-Updated.pdf
Maintenance-Procedure-for-Working-on-Fume-Hood-Ducts.pd-Updated.pdf,/Users/iyakavets/Documents/obsidian/viprorok/EHS Wiki/PDFs/Maintenance-Procedure-for-Working-on-Fume-Hood-Ducts.pd-Updated.pdf
Memo_EHS_Update-on-WHMIS-regulation.pdf,/Users/iyakavets/Documents/obsidian/viprorok/EHS Wiki/PDFs/Memo_EHS_Update-on-WHMIS-regulation.pdf
Memorandum-Central-Chemical-Inventory-System-2024-02-13.pdf,/Users/iyakavets/Documents/obsidian/viprorok/EHS Wiki/PDFs/Memorandum-Central-Chemical-Inventory-System-2024-02-13.pdf
Memorandum-of-Agreement.pdf,/Users/iyakavets/Documents/obsidian/viprorok/EHS Wiki/PDFs/Memorandum-of-Agreement.pdf
Moldex_FittingInstructions.pdf,/Users/iyakavets/Documents/obsidian/viprorok/EHS Wiki/PDFs/Moldex_FittingInstructions.pdf
Mould-Control-Program-Procedures-4-FINAL-20170821.pdf,/Users/iyakavets/Documents/obsidian/viprorok/EHS Wiki/PDFs/Mould-Control-Program-Procedures-4-FINAL-20170821.pdf
Mould-Control-Program.pdf,/Users/iyakavets/Documents/obsidian/viprorok/EHS Wiki/PDFs/Mould-Control-Program.pdf
Noise-at-Work-Understanding-the-Difference-Between-Hazardous-and-Nuisance-Noise.pdf,/Users/iyakavets/Documents/obsidian/viprorok/EHS Wiki/PDFs/Noise-at-Work-Understanding-the-Difference-Between-Hazardous-and-Nuisance-Noise.pdf
Noise-Program-Rev.-March-2016.pdf,/Users/iyakavets/Documents/obsidian/viprorok/EHS Wiki/PDFs/Noise-Program-Rev.-March-2016.pdf
Non-Service-Animals-on-Campus-Guideline.pdf,/Users/iyakavets/Documents/obsidian/viprorok/EHS Wiki/PDFs/Non-Service-Animals-on-Campus-Guideline.pdf
North-half-face-respirator-instructions.pdf,/Users/iyakavets/Documents/obsidian/viprorok/EHS Wiki/PDFs/North-half-face-respirator-instructions.pdf
North_full_facepiece_5400_7600-instructions.pdf,/Users/iyakavets/Documents/obsidian/viprorok/EHS Wiki/PDFs/North_full_facepiece_5400_7600-instructions.pdf
Office-Ergonomics-Setting-Up-Your-Workstation-Tipsheet_2022July07.pdf,/Users/iyakavets/Documents/obsidian/viprorok/EHS Wiki/PDFs/Office-Ergonomics-Setting-Up-Your-Workstation-Tipsheet_2022July07.pdf
Pest-Bed-Bug-InfoGuide-PropertyManagement-2019-ENG.pdf,/Users/iyakavets/Documents/obsidian/viprorok/EHS Wiki/PDFs/Pest-Bed-Bug-InfoGuide-PropertyManagement-2019-ENG.pdf
Pest-Bed-Bugs-Infographic-DoNotLetBedBugsBite-ENG.pdf,/Users/iyakavets/Documents/obsidian/viprorok/EHS Wiki/PDFs/Pest-Bed-Bugs-Infographic-DoNotLetBedBugsBite-ENG.pdf
Pest-Bed-Bugs-InfoSheet-101PropertyManagers-2014-ENG.pdf,/Users/iyakavets/Documents/obsidian/viprorok/EHS Wiki/PDFs/Pest-Bed-Bugs-InfoSheet-101PropertyManagers-2014-ENG.pdf
Pest-Bed-Bugs-InfoSheet-OfficeTenantTips-ENG.pdf,/Users/iyakavets/Documents/obsidian/viprorok/EHS Wiki/PDFs/Pest-Bed-Bugs-InfoSheet-OfficeTenantTips-ENG.pdf
Phenyl-Hydrazine-and-Phenyl-Hydrazine-Hydrochloride-procedure-for-use-Updated.pdf,/Users/iyakavets/Documents/obsidian/viprorok/EHS Wiki/PDFs/Phenyl-Hydrazine-and-Phenyl-Hydrazine-Hydrochloride-procedure-for-use-Updated.pdf
Portal-Ladders-Standard.pdf,/Users/iyakavets/Documents/obsidian/viprorok/EHS Wiki/PDFs/Portal-Ladders-Standard.pdf
Pregnancy-Workplace-Screening-Tool-for-Pregnant-Workers.pd-Updated.pdf,/Users/iyakavets/Documents/obsidian/viprorok/EHS Wiki/PDFs/Pregnancy-Workplace-Screening-Tool-for-Pregnant-Workers.pd-Updated.pdf
Preparing-Foods-with-Knives.pdf,/Users/iyakavets/Documents/obsidian/viprorok/EHS Wiki/PDFs/Preparing-Foods-with-Knives.pdf
Preventing-Mould-in-Cold-Rooms.pdf,/Users/iyakavets/Documents/obsidian/viprorok/EHS Wiki/PDFs/Preventing-Mould-in-Cold-Rooms.pdf
PreventingSlipsTripsFallKitchens_Poster_2023Aug17.pdf,/Users/iyakavets/Documents/obsidian/viprorok/EHS Wiki/PDFs/PreventingSlipsTripsFallKitchens_Poster_2023Aug17.pdf
Procedural-Checklists-Type-1-and-2.pdf,/Users/iyakavets/Documents/obsidian/viprorok/EHS Wiki/PDFs/Procedural-Checklists-Type-1-and-2.pdf
Protective-Clothing.pdf,/Users/iyakavets/Documents/obsidian/viprorok/EHS Wiki/PDFs/Protective-Clothing.pdf
Protective-Footwear-Standard.pdf,/Users/iyakavets/Documents/obsidian/viprorok/EHS Wiki/PDFs/Protective-Footwear-Standard.pdf
Radioactive-Material-Transfer-Request-Mar-2025.pdf,/Users/iyakavets/Documents/obsidian/viprorok/EHS Wiki/PDFs/Radioactive-Material-Transfer-Request-Mar-2025.pdf
Radioactive-Materials-Purchase-Request.pdf,/Users/iyakavets/Documents/obsidian/viprorok/EHS Wiki/PDFs/Radioactive-Materials-Purchase-Request.pdf
Refrigerators-Updated.pdf,/Users/iyakavets/Documents/obsidian/viprorok/EHS Wiki/PDFs/Refrigerators-Updated.pdf
Registration-Form-for-Category-1-Participants-Identified-First-Aiders2020.pdf,/Users/iyakavets/Documents/obsidian/viprorok/EHS Wiki/PDFs/Registration-Form-for-Category-1-Participants-Identified-First-Aiders2020.pdf
regulation-861.pdf,/Users/iyakavets/Documents/obsidian/viprorok/EHS Wiki/PDFs/regulation-861.pdf
Respirator-Standard.pdf,/Users/iyakavets/Documents/obsidian/viprorok/EHS Wiki/PDFs/Respirator-Standard.pdf
Respirator-User-Screening-Form-2021.pdf,/Users/iyakavets/Documents/obsidian/viprorok/EHS Wiki/PDFs/Respirator-User-Screening-Form-2021.pdf
Respirators-with-Exhalation-Valve-Final.pdf,/Users/iyakavets/Documents/obsidian/viprorok/EHS Wiki/PDFs/Respirators-with-Exhalation-Valve-Final.pdf
Respiratory-Protection-Program.pdf,/Users/iyakavets/Documents/obsidian/viprorok/EHS Wiki/PDFs/Respiratory-Protection-Program.pdf
Restricted-Spaces.pdf,/Users/iyakavets/Documents/obsidian/viprorok/EHS Wiki/PDFs/Restricted-Spaces.pdf
Safe-Work-Practices-Aerosol-Risk-Reduction-RG2-Biological-Agents.pdf,/Users/iyakavets/Documents/obsidian/viprorok/EHS Wiki/PDFs/Safe-Work-Practices-Aerosol-Risk-Reduction-RG2-Biological-Agents.pdf
Safe-Work-Practices-Centrifuge-Use.pdf,/Users/iyakavets/Documents/obsidian/viprorok/EHS Wiki/PDFs/Safe-Work-Practices-Centrifuge-Use.pdf
Safe-Work-Practices-Microtome-Use.pdf,/Users/iyakavets/Documents/obsidian/viprorok/EHS Wiki/PDFs/Safe-Work-Practices-Microtome-Use.pdf
Safe-Work-Practices-Safe-Sharps-Use.pdf,/Users/iyakavets/Documents/obsidian/viprorok/EHS Wiki/PDFs/Safe-Work-Practices-Safe-Sharps-Use.pdf
SARS-CoV-2-Biosafety-Guideline-for-UofT-Labs_v2.0-Sept-4-2020.pdf,/Users/iyakavets/Documents/obsidian/viprorok/EHS Wiki/PDFs/SARS-CoV-2-Biosafety-Guideline-for-UofT-Labs_v2.0-Sept-4-2020.pdf
Scaffolds.pdf,/Users/iyakavets/Documents/obsidian/viprorok/EHS Wiki/PDFs/Scaffolds.pdf
scent-free-label-concept_-mar5_2018.pdf,/Users/iyakavets/Documents/obsidian/viprorok/EHS Wiki/PDFs/scent-free-label-concept_-mar5_2018.pdf
Scent-Policy-Poster.pdf,/Users/iyakavets/Documents/obsidian/viprorok/EHS Wiki/PDFs/Scent-Policy-Poster.pdf
Scentfree-Poster-20180129.pdf,/Users/iyakavets/Documents/obsidian/viprorok/EHS Wiki/PDFs/Scentfree-Poster-20180129.pdf
Semicarbazide-procedure-for-use-Updated.pdf,/Users/iyakavets/Documents/obsidian/viprorok/EHS Wiki/PDFs/Semicarbazide-procedure-for-use-Updated.pdf
Shared-and-Unassigned-Workstations-Etiquette-Tipsheet_Final.pdf,/Users/iyakavets/Documents/obsidian/viprorok/EHS Wiki/PDFs/Shared-and-Unassigned-Workstations-Etiquette-Tipsheet_Final.pdf
Sit-Stand-Guidance-Sheet.pdf,/Users/iyakavets/Documents/obsidian/viprorok/EHS Wiki/PDFs/Sit-Stand-Guidance-Sheet.pdf
Soldering-Guidelines-20181206.pdf,/Users/iyakavets/Documents/obsidian/viprorok/EHS Wiki/PDFs/Soldering-Guidelines-20181206.pdf
SOPSummary-20180208.pdf,/Users/iyakavets/Documents/obsidian/viprorok/EHS Wiki/PDFs/SOPSummary-20180208.pdf
Specific-work-training-form.pdf,/Users/iyakavets/Documents/obsidian/viprorok/EHS Wiki/PDFs/Specific-work-training-form.pdf
Standard-for-Inert-Cryogenic-Liquid-Usage-in-the-Laboratory-Updated.pdf,/Users/iyakavets/Documents/obsidian/viprorok/EHS Wiki/PDFs/Standard-for-Inert-Cryogenic-Liquid-Usage-in-the-Laboratory-Updated.pdf
Storage-Cabinets-Updated.pdf,/Users/iyakavets/Documents/obsidian/viprorok/EHS Wiki/PDFs/Storage-Cabinets-Updated.pdf
Storage-Rooms-Updated.pdf,/Users/iyakavets/Documents/obsidian/viprorok/EHS Wiki/PDFs/Storage-Rooms-Updated.pdf
Supervisor-Due-Diligence-checklist-20190725-FINAL.pdf,/Users/iyakavets/Documents/obsidian/viprorok/EHS Wiki/PDFs/Supervisor-Due-Diligence-checklist-20190725-FINAL.pdf
Supervisor-Toolkit-20190729-FINAL.pdf,/Users/iyakavets/Documents/obsidian/viprorok/EHS Wiki/PDFs/Supervisor-Toolkit-20190729-FINAL.pdf
Suspect-Materials-Checklist.pdf,/Users/iyakavets/Documents/obsidian/viprorok/EHS Wiki/PDFs/Suspect-Materials-Checklist.pdf
Temozolomide-procedure-for-use-Updated.pdf,/Users/iyakavets/Documents/obsidian/viprorok/EHS Wiki/PDFs/Temozolomide-procedure-for-use-Updated.pdf
Type-3-Asbestos-Abatement-Information.pdf,/Users/iyakavets/Documents/obsidian/viprorok/EHS Wiki/PDFs/Type-3-Asbestos-Abatement-Information.pdf
U-of-T-Workplace-Violence-Program.pdf,/Users/iyakavets/Documents/obsidian/viprorok/EHS Wiki/PDFs/U-of-T-Workplace-Violence-Program.pdf
Understanding-Radiation.pdf,/Users/iyakavets/Documents/obsidian/viprorok/EHS Wiki/PDFs/Understanding-Radiation.pdf
University-of-Toronto-Electrical-Safety-Program.pdf,/Users/iyakavets/Documents/obsidian/viprorok/EHS Wiki/PDFs/University-of-Toronto-Electrical-Safety-Program.pdf
University-of-Toronto-Firearms-in-Research-Guidelines.pdf,/Users/iyakavets/Documents/obsidian/viprorok/EHS Wiki/PDFs/University-of-Toronto-Firearms-in-Research-Guidelines.pdf
University-of-Toronto-Office-Ergonomics-Standard.pdf,/Users/iyakavets/Documents/obsidian/viprorok/EHS Wiki/PDFs/University-of-Toronto-Office-Ergonomics-Standard.pdf
UofT-Workplace-Label-Template.pdf,/Users/iyakavets/Documents/obsidian/viprorok/EHS Wiki/PDFs/UofT-Workplace-Label-Template.pdf
UofT_2017-18SustainabilityYB_Download-1-1.pdf,/Users/iyakavets/Documents/obsidian/viprorok/EHS Wiki/PDFs/UofT_2017-18SustainabilityYB_Download-1-1.pdf
UofTStudentPlacementChecklist.pdf,/Users/iyakavets/Documents/obsidian/viprorok/EHS Wiki/PDFs/UofTStudentPlacementChecklist.pdf
Users-list.pdf,/Users/iyakavets/Documents/obsidian/viprorok/EHS Wiki/PDFs/Users-list.pdf
UTSC-Biological-Waste-Procedures.pdf,/Users/iyakavets/Documents/obsidian/viprorok/EHS Wiki/PDFs/UTSC-Biological-Waste-Procedures.pdf
w130.pdf,/Users/iyakavets/Documents/obsidian/viprorok/EHS Wiki/PDFs/w130.pdf
Welding-Guidelines-20180225.pdf,/Users/iyakavets/Documents/obsidian/viprorok/EHS Wiki/PDFs/Welding-Guidelines-20180225.pdf
WHMIS1988_symbols-signaux-eng.pdf,/Users/iyakavets/Documents/obsidian/viprorok/EHS Wiki/PDFs/WHMIS1988_symbols-signaux-eng.pdf
WHMIS2015_FactSheets.pdf,/Users/iyakavets/Documents/obsidian/viprorok/EHS Wiki/PDFs/WHMIS2015_FactSheets.pdf
WHMIS2015_labelElements.pdf,/Users/iyakavets/Documents/obsidian/viprorok/EHS Wiki/PDFs/WHMIS2015_labelElements.pdf
WHMIS2015_Refresher_StandardQuiz.pdf,/Users/iyakavets/Documents/obsidian/viprorok/EHS Wiki/PDFs/WHMIS2015_Refresher_StandardQuiz.pdf
WHMIS2015_Refresher_StandardQuiz_-ANSWER-KEY.pdf,/Users/iyakavets/Documents/obsidian/viprorok/EHS Wiki/PDFs/WHMIS2015_Refresher_StandardQuiz_-ANSWER-KEY.pdf
WHMIS2015_Refresher_WorkAreaExercise.pdf,/Users/iyakavets/Documents/obsidian/viprorok/EHS Wiki/PDFs/WHMIS2015_Refresher_WorkAreaExercise.pdf
WHMIS_2015_pictograms.pdf,/Users/iyakavets/Documents/obsidian/viprorok/EHS Wiki/PDFs/WHMIS_2015_pictograms.pdf
Window-Cleaning.pdf,/Users/iyakavets/Documents/obsidian/viprorok/EHS Wiki/PDFs/Window-Cleaning.pdf
WorkFromHomeChecklist_Final_2021Aug13.pdf,/Users/iyakavets/Documents/obsidian/viprorok/EHS Wiki/PDFs/WorkFromHomeChecklist_Final_2021Aug13.pdf
Working-Alone-Guidelines.pdf,/Users/iyakavets/Documents/obsidian/viprorok/EHS Wiki/PDFs/Working-Alone-Guidelines.pdf
Working-in-Dishwashing-Areas.pdf,/Users/iyakavets/Documents/obsidian/viprorok/EHS Wiki/PDFs/Working-in-Dishwashing-Areas.pdf
Working-in-Service-and-Pickup-Areas.pdf,/Users/iyakavets/Documents/obsidian/viprorok/EHS Wiki/PDFs/Working-in-Service-and-Pickup-Areas.pdf
Working-with-Chlorpyrifos-and-Chlorpyrifos-treated-animals.pdf,/Users/iyakavets/Documents/obsidian/viprorok/EHS Wiki/PDFs/Working-with-Chlorpyrifos-and-Chlorpyrifos-treated-animals.pdf
WorkingElevatedHeights20160318.pdf,/Users/iyakavets/Documents/obsidian/viprorok/EHS Wiki/PDFs/WorkingElevatedHeights20160318.pdf
Workplace-Violence-Prevention-Program-2024.pdf,/Users/iyakavets/Documents/obsidian/viprorok/EHS Wiki/PDFs/Workplace-Violence-Prevention-Program-2024.pdf
WorkSafelySharpBladesEdgesOffice_Poster.pdf,/Users/iyakavets/Documents/obsidian/viprorok/EHS Wiki/PDFs/WorkSafelySharpBladesEdgesOffice_Poster.pdf
X-ray-Device-Registration-Form.pdf,/Users/iyakavets/Documents/obsidian/viprorok/EHS Wiki/PDFs/X-ray-Device-Registration-Form.pdf
X-ray-Permit-Application-Form-April-2025.pdf,/Users/iyakavets/Documents/obsidian/viprorok/EHS Wiki/PDFs/X-ray-Permit-Application-Form-April-2025.pdf
X-ray-Safety-Program-Manual-April-2026.pdf,/Users/iyakavets/Documents/obsidian/viprorok/EHS Wiki/PDFs/X-ray-Safety-Program-Manual-April-2026.pdf
Youth-in-Labs-Guidelines.pd-Updated.pdf,/Users/iyakavets/Documents/obsidian/viprorok/EHS Wiki/PDFs/Youth-in-Labs-Guidelines.pd-Updated.pdf
