title,source_url,markdown_path,pdf_count,linked_pages
Resources,https://ehs.utoronto.ca/resources/,/Users/iyakavets/Documents/obsidian/viprorok/EHS Wiki/Pages/resources.md,0,4
"Environmental Health & Safety Program – Policies, Procedures and Guidelines",https://ehs.utoronto.ca/resources/policies-and-procedures/,/Users/iyakavets/Documents/obsidian/viprorok/EHS Wiki/Pages/Environmental Health Safety Program Policies Procedures and Guidelines.md,100,31
Standards,https://ehs.utoronto.ca/resources/standards/,/Users/iyakavets/Documents/obsidian/viprorok/EHS Wiki/Pages/Standards.md,5,3
Personal Protective Equipment (PPE),https://ehs.utoronto.ca/resources/personal-protective-equipment-ppe/,/Users/iyakavets/Documents/obsidian/viprorok/EHS Wiki/Pages/Personal Protective Equipment PPE.md,9,4
Our Services,https://ehs.utoronto.ca/our-services/,/Users/iyakavets/Documents/obsidian/viprorok/EHS Wiki/Pages/our-services.md,0,6
Biosafety Manual,https://ehs.utoronto.ca/our-services/biosafety/biosafety-manual/,/Users/iyakavets/Documents/obsidian/viprorok/EHS Wiki/Pages/Biosafety Manual.md,13,20
Laboratory Hazardous Waste Management and Disposal Manual,https://ehs.utoronto.ca/laboratory-hazardous-waste-management-and-disposal-manual/,/Users/iyakavets/Documents/obsidian/viprorok/EHS Wiki/Pages/Laboratory Hazardous Waste Management and Disposal Manual.md,0,14
Environmental Protection Services,https://ehs.utoronto.ca/our-services/environmental-protection-services/,/Users/iyakavets/Documents/obsidian/viprorok/EHS Wiki/Pages/Environmental Protection Services.md,3,10
Radiation Protection Service,https://ehs.utoronto.ca/our-services/radiation-safety/,/Users/iyakavets/Documents/obsidian/viprorok/EHS Wiki/Pages/Radiation Protection Service.md,0,6
Laser Safety,https://ehs.utoronto.ca/our-services/laser-safety/,/Users/iyakavets/Documents/obsidian/viprorok/EHS Wiki/Pages/Laser Safety.md,3,12
X-ray Safety,https://ehs.utoronto.ca/our-services/x-ray-safety/,/Users/iyakavets/Documents/obsidian/viprorok/EHS Wiki/Pages/X-ray Safety.md,3,9
X-ray Safety Program Manual,https://ehs.utoronto.ca/x-ray-safety-program/,/Users/iyakavets/Documents/obsidian/viprorok/EHS Wiki/Pages/X-ray Safety Program Manual.md,2,2
Occupational Hygiene & Safety,https://ehs.utoronto.ca/our-services/occupational-hygiene-safety/,/Users/iyakavets/Documents/obsidian/viprorok/EHS Wiki/Pages/Occupational Hygiene Safety.md,41,7
Laboratory Hazardous Waste Management and Disposal Manual,http://ehs.utoronto.ca/laboratory-hazardous-waste-management-and-disposal-manual/,/Users/iyakavets/Documents/obsidian/viprorok/EHS Wiki/Pages/Laboratory Hazardous Waste Management and Disposal Manual (2).md,0,14
"Environmental Health & Safety Program – Policies, Procedures and Guidelines",http://ehs.utoronto.ca/resources/policies-and-procedures/,/Users/iyakavets/Documents/obsidian/viprorok/EHS Wiki/Pages/Environmental Health Safety Program Policies Procedures and Guidelines (2).md,100,30
Guidelines for Laboratory Tours,http://ehs.utoronto.ca/guidelines-lab-tours/,/Users/iyakavets/Documents/obsidian/viprorok/EHS Wiki/Pages/Guidelines for Laboratory Tours.md,0,2
Laboratory Decommissioning,http://ehs.utoronto.ca/laboratory-hazardous-waste-management-and-disposal-manual/laboratory-decommissioning/,/Users/iyakavets/Documents/obsidian/viprorok/EHS Wiki/Pages/Laboratory Decommissioning.md,0,2
Biosafety,http://ehs.utoronto.ca/our-services/biosafety/,/Users/iyakavets/Documents/obsidian/viprorok/EHS Wiki/Pages/Biosafety.md,21,16
Chemical and Lab Safety,http://ehs.utoronto.ca/our-services/chemical-and-lab-safety/,/Users/iyakavets/Documents/obsidian/viprorok/EHS Wiki/Pages/Chemical and Lab Safety.md,47,16
High Hazard Chemicals,http://ehs.utoronto.ca/our-services/chemical-and-lab-safety/high-hazard-chemicals/,/Users/iyakavets/Documents/obsidian/viprorok/EHS Wiki/Pages/High Hazard Chemicals.md,1,1
Hydrogen Fluoride (HF) Program,http://ehs.utoronto.ca/our-services/chemical-and-lab-safety/hydrogen-fluoride-hf-program/,/Users/iyakavets/Documents/obsidian/viprorok/EHS Wiki/Pages/Hydrogen Fluoride HF Program.md,5,2
Laser Safety,http://ehs.utoronto.ca/our-services/laser-safety/,/Users/iyakavets/Documents/obsidian/viprorok/EHS Wiki/Pages/Laser Safety (2).md,3,11
Asbestos Management Program,http://ehs.utoronto.ca/our-services/occupational-hygiene-safety/asbestos-management-program/,/Users/iyakavets/Documents/obsidian/viprorok/EHS Wiki/Pages/Asbestos Management Program.md,13,7
Office Ergonomics,http://ehs.utoronto.ca/our-services/occupational-hygiene-safety/ergonomics/,/Users/iyakavets/Documents/obsidian/viprorok/EHS Wiki/Pages/Office Ergonomics.md,7,4
Guidelines on the Use of Perfumes and Scented Products,http://ehs.utoronto.ca/our-services/occupational-hygiene-safety/guidelines-on-the-use-of-perfumes-and-scented-products/,/Users/iyakavets/Documents/obsidian/viprorok/EHS Wiki/Pages/Guidelines on the Use of Perfumes and Scented Products.md,4,1
Radiation Protection Service,http://ehs.utoronto.ca/our-services/radiation-safety/,/Users/iyakavets/Documents/obsidian/viprorok/EHS Wiki/Pages/Radiation Protection Service (2).md,0,5
Emergency Procedures,http://ehs.utoronto.ca/report-an-incident/emergency-procedures/,/Users/iyakavets/Documents/obsidian/viprorok/EHS Wiki/Pages/Emergency Procedures.md,1,9
Chemical Spill Procedures,http://ehs.utoronto.ca/report-an-incident/emergency-procedures/chemical-spill-procedures/,/Users/iyakavets/Documents/obsidian/viprorok/EHS Wiki/Pages/Chemical Spill Procedures.md,0,2
Mercury Spill Procedures,http://ehs.utoronto.ca/report-an-incident/emergency-procedures/mercury-spill-procedures/,/Users/iyakavets/Documents/obsidian/viprorok/EHS Wiki/Pages/Mercury Spill Procedures.md,0,1
Spill Reporting Procedures,http://ehs.utoronto.ca/report-an-incident/spill-reporting-procedures/,/Users/iyakavets/Documents/obsidian/viprorok/EHS Wiki/Pages/Spill Reporting Procedures.md,0,1
Revised Respirator User Screening Form (Word),http://ehs.utoronto.ca/revised-respirator-user-screening-form-september-2018-2/,/Users/iyakavets/Documents/obsidian/viprorok/EHS Wiki/Pages/Revised Respirator User Screening Form Word.md,0,1
Training Matrix: Laboratory Personnel,http://ehs.utoronto.ca/training/laboratory-personnel/,/Users/iyakavets/Documents/obsidian/viprorok/EHS Wiki/Pages/Training Matrix Laboratory Personnel.md,0,2
Guidelines for Images in Research and Teaching Laboratories,https://ehs.utoronto.ca/guidelines-images-research-teaching-laboratories/,/Users/iyakavets/Documents/obsidian/viprorok/EHS Wiki/Pages/Guidelines for Images in Research and Teaching Laboratories.md,3,2
Laboratory-Renovation-Construction-Initiation-Form-Appendix-A,https://ehs.utoronto.ca/laboratory-renovation-construction-initiation-form-appendix-a/,/Users/iyakavets/Documents/obsidian/viprorok/EHS Wiki/Pages/Laboratory-Renovation-Construction-Initiation-Form-Appendix-A.md,0,1
Workplace Hazardous Materials Information System (WHMIS),https://ehs.utoronto.ca/our-services/chemical-and-lab-safety/whmis/,/Users/iyakavets/Documents/obsidian/viprorok/EHS Wiki/Pages/Workplace Hazardous Materials Information System WHMIS.md,1,7
Standard Operating Procedure (SOP): Bites or Severe Scratches from Research Animals,https://ehs.utoronto.ca/our-services/occupational-hygiene-safety/standard-operating-procedure-sop-bites-or-severe-scratches-from-research-animals/,/Users/iyakavets/Documents/obsidian/viprorok/EHS Wiki/Pages/Standard Operating Procedure SOP Bites or Severe Scratches from Research Animals.md,0,1
Generic Lab Emergency Contact List,https://ehs.utoronto.ca/resources/policies-and-procedures/generic-lab-emergency-contact-list/,/Users/iyakavets/Documents/obsidian/viprorok/EHS Wiki/Pages/Generic Lab Emergency Contact List.md,0,1
Lab-Safety-Design-Standard-December_2018,https://ehs.utoronto.ca/resources/policies-and-procedures/lab-safety-design-standard-december_2018/,/Users/iyakavets/Documents/obsidian/viprorok/EHS Wiki/Pages/Lab-Safety-Design-Standard-December_2018.md,1,1
Sample Request Form For Prescription Safety Glasses Vendors,https://ehs.utoronto.ca/resources/policies-and-procedures/sample-request-form-for-prescription-safety-glasses-vendors_20180502/,/Users/iyakavets/Documents/obsidian/viprorok/EHS Wiki/Pages/Sample Request Form For Prescription Safety Glasses Vendors.md,0,1
Respirator User Screening Form (PDF),https://ehs.utoronto.ca/respirator-user-screening-form-2021/,/Users/iyakavets/Documents/obsidian/viprorok/EHS Wiki/Pages/Respirator User Screening Form PDF.md,1,1
Respirator Wearing Guide: How to Don/Doff Respirators,https://ehs.utoronto.ca/respirator-wearing-guide/,/Users/iyakavets/Documents/obsidian/viprorok/EHS Wiki/Pages/Respirator Wearing Guide How to DonDoff Respirators.md,12,2
Spectacle Kits for Full-Face Respirators,https://ehs.utoronto.ca/spectacle-kits-for-full-face-respirators/,/Users/iyakavets/Documents/obsidian/viprorok/EHS Wiki/Pages/Spectacle Kits for Full-Face Respirators.md,0,1
Fume-Hoods-03-Design-Standard_November-2018,http://ehs.utoronto.ca/our-services/chemical-and-lab-safety/fume-hoods-03-design-standard_november-2018/,/Users/iyakavets/Documents/obsidian/viprorok/EHS Wiki/Pages/Fume-Hoods-03-Design-Standard_November-2018.md,1,1
X-ray Safety,http://ehs.utoronto.ca/our-services/x-ray-safety/,/Users/iyakavets/Documents/obsidian/viprorok/EHS Wiki/Pages/X-ray Safety (2).md,3,8
Biosafety Permit Holder,http://ehs.utoronto.ca/our-services/biosafety/biosafety-manual/biosafety-permit-holder/,/Users/iyakavets/Documents/obsidian/viprorok/EHS Wiki/Pages/Biosafety Permit Holder.md,0,1
Laboratory Waste Management,https://ehs.utoronto.ca/laboratory-waste-management/,/Users/iyakavets/Documents/obsidian/viprorok/EHS Wiki/Pages/Laboratory Waste Management.md,0,2
Biological Spill Kit,https://ehs.utoronto.ca/our-services/biosafety/biological-spill-kit-2/,/Users/iyakavets/Documents/obsidian/viprorok/EHS Wiki/Pages/Biological Spill Kit.md,0,1
Autoclaves / Steam Sterilizers,https://ehs.utoronto.ca/our-services/biosafety/biosafety-manual/autoclaves-steam-sterilizers/,/Users/iyakavets/Documents/obsidian/viprorok/EHS Wiki/Pages/Autoclaves Steam Sterilizers.md,0,1
Biosafety Cabinets,https://ehs.utoronto.ca/our-services/biosafety/biosafety-manual/biosafety-cabinets/,/Users/iyakavets/Documents/obsidian/viprorok/EHS Wiki/Pages/Biosafety Cabinets.md,0,1
Decontamination,https://ehs.utoronto.ca/our-services/biosafety/biosafety-manual/decontamination/,/Users/iyakavets/Documents/obsidian/viprorok/EHS Wiki/Pages/Decontamination.md,0,2
Emergency Procedures,https://ehs.utoronto.ca/our-services/biosafety/biosafety-manual/emergency-procedures/,/Users/iyakavets/Documents/obsidian/viprorok/EHS Wiki/Pages/Emergency Procedures (2).md,0,1
Fume Hoods,https://ehs.utoronto.ca/our-services/biosafety/biosafety-manual/fume-hoods/,/Users/iyakavets/Documents/obsidian/viprorok/EHS Wiki/Pages/Fume Hoods.md,2,1
General Laboratory Safety Practices,https://ehs.utoronto.ca/our-services/biosafety/biosafety-manual/general-laboratory-safety-practices/,/Users/iyakavets/Documents/obsidian/viprorok/EHS Wiki/Pages/General Laboratory Safety Practices.md,4,4
"Importation, Use and Distribution of Biological materials",https://ehs.utoronto.ca/our-services/biosafety/biosafety-manual/importation-use-distribution-biological-materials/,/Users/iyakavets/Documents/obsidian/viprorok/EHS Wiki/Pages/Importation Use and Distribution of Biological materials.md,0,1
Laboratory Users,https://ehs.utoronto.ca/our-services/biosafety/biosafety-manual/laboratory-users/,/Users/iyakavets/Documents/obsidian/viprorok/EHS Wiki/Pages/Laboratory Users.md,1,1
Medical Surveillance and Immunoprophylaxis,https://ehs.utoronto.ca/our-services/biosafety/biosafety-manual/medical-surveillance-immunoprophylaxis/,/Users/iyakavets/Documents/obsidian/viprorok/EHS Wiki/Pages/Medical Surveillance and Immunoprophylaxis.md,0,1
Needles and Syringes,https://ehs.utoronto.ca/our-services/biosafety/biosafety-manual/needles-and-syringes/,/Users/iyakavets/Documents/obsidian/viprorok/EHS Wiki/Pages/Needles and Syringes.md,0,3
Working with Laboratory Animals,https://ehs.utoronto.ca/our-services/biosafety/biosafety-manual/working-laboratory-animals/,/Users/iyakavets/Documents/obsidian/viprorok/EHS Wiki/Pages/Working with Laboratory Animals.md,0,1
Biosafety Training,https://ehs.utoronto.ca/our-services/biosafety/biosafety-training/,/Users/iyakavets/Documents/obsidian/viprorok/EHS Wiki/Pages/Biosafety Training.md,1,7
Institutional Biosafety & Biosecurity Committee,https://ehs.utoronto.ca/our-services/biosafety/institutional-biosafety-committee/,/Users/iyakavets/Documents/obsidian/viprorok/EHS Wiki/Pages/Institutional Biosafety Biosecurity Committee.md,0,2
Techniques for Minimizing Aerosols,https://ehs.utoronto.ca/our-services/biosafety/techniques-for-minimizing-aerosols/,/Users/iyakavets/Documents/obsidian/viprorok/EHS Wiki/Pages/Techniques for Minimizing Aerosols.md,0,1
Vacuum Line Hazards,https://ehs.utoronto.ca/our-services/biosafety/vacuum-line-hazards/,/Users/iyakavets/Documents/obsidian/viprorok/EHS Wiki/Pages/Vacuum Line Hazards.md,0,2
Biological Waste Disposal,http://ehs.utoronto.ca/biological-waste-disposal/,/Users/iyakavets/Documents/obsidian/viprorok/EHS Wiki/Pages/Biological Waste Disposal.md,0,4
Chemical Waste Disposal,http://ehs.utoronto.ca/chemical-waste-disposal/,/Users/iyakavets/Documents/obsidian/viprorok/EHS Wiki/Pages/Chemical Waste Disposal.md,2,2
5.5 Sharp Waste Management,http://ehs.utoronto.ca/laboratory-hazardous-waste-management-and-disposal-manual/5-5-sharp-waste-management/,/Users/iyakavets/Documents/obsidian/viprorok/EHS Wiki/Pages/5.5 Sharp Waste Management.md,0,5
General Requirements,http://ehs.utoronto.ca/laboratory-hazardous-waste-management-and-disposal-manual/general-requirements/,/Users/iyakavets/Documents/obsidian/viprorok/EHS Wiki/Pages/General Requirements.md,0,1
Guide for General Laboratory Spill Kit Contents,http://ehs.utoronto.ca/laboratory-hazardous-waste-management-and-disposal-manual/guide-for-general-laboratory-spill-kit-contents/,/Users/iyakavets/Documents/obsidian/viprorok/EHS Wiki/Pages/Guide for General Laboratory Spill Kit Contents.md,0,1
Index,http://ehs.utoronto.ca/laboratory-hazardous-waste-management-and-disposal-manual/index/,/Users/iyakavets/Documents/obsidian/viprorok/EHS Wiki/Pages/Index.md,0,11
Introduction to Lab Hazardous Waste Management and Disposal Manual,http://ehs.utoronto.ca/laboratory-hazardous-waste-management-and-disposal-manual/introduction/,/Users/iyakavets/Documents/obsidian/viprorok/EHS Wiki/Pages/Introduction to Lab Hazardous Waste Management and Disposal Manual.md,1,4
5.4 Mixed Waste,http://ehs.utoronto.ca/laboratory-hazardous-waste-management-and-disposal-manual/mixed-waste/,/Users/iyakavets/Documents/obsidian/viprorok/EHS Wiki/Pages/5.4 Mixed Waste.md,0,3
Responsibilities,http://ehs.utoronto.ca/laboratory-hazardous-waste-management-and-disposal-manual/responsibilities/,/Users/iyakavets/Documents/obsidian/viprorok/EHS Wiki/Pages/Responsibilities.md,0,1
Summary Guide for Packaging & Handling Hazardous Waste,http://ehs.utoronto.ca/laboratory-hazardous-waste-management-and-disposal-manual/summary-guide-for-packaging-handling-hazardous-waste/,/Users/iyakavets/Documents/obsidian/viprorok/EHS Wiki/Pages/Summary Guide for Packaging Handling Hazardous Waste.md,0,5
Waste Minimization,http://ehs.utoronto.ca/laboratory-hazardous-waste-management-and-disposal-manual/waste-minimization/,/Users/iyakavets/Documents/obsidian/viprorok/EHS Wiki/Pages/Waste Minimization.md,0,1
Radioactive Waste Disposal,http://ehs.utoronto.ca/radioactive-waste-disposal/,/Users/iyakavets/Documents/obsidian/viprorok/EHS Wiki/Pages/Radioactive Waste Disposal.md,0,6
EPS Training Presentations,http://ehs.utoronto.ca/our-services/environmental-protection-services/eps-training-presentations/,/Users/iyakavets/Documents/obsidian/viprorok/EHS Wiki/Pages/EPS Training Presentations.md,2,2
Guidelines for Laboratory Closure,http://ehs.utoronto.ca/our-services/environmental-protection-services/guidelines-for-laboratory-closure/,/Users/iyakavets/Documents/obsidian/viprorok/EHS Wiki/Pages/Guidelines for Laboratory Closure.md,3,5
Radioactive Material Spill Procedures,http://ehs.utoronto.ca/report-an-incident/emergency-procedures/radioactive-material-spill-procedures/,/Users/iyakavets/Documents/obsidian/viprorok/EHS Wiki/Pages/Radioactive Material Spill Procedures.md,0,3
Electric and Magnetic Field (EMF) Safety Program,https://ehs.utoronto.ca/our-services/radiation-safety/emf-safety-program/,/Users/iyakavets/Documents/obsidian/viprorok/EHS Wiki/Pages/Electric and Magnetic Field EMF Safety Program.md,0,1
Radiation Safety,https://ehs.utoronto.ca/radiation-safety-materials/,/Users/iyakavets/Documents/obsidian/viprorok/EHS Wiki/Pages/Radiation Safety.md,7,25
Laser Safety Committee,http://ehs.utoronto.ca/laser-safety-program/laser-safety-committee/,/Users/iyakavets/Documents/obsidian/viprorok/EHS Wiki/Pages/Laser Safety Committee.md,0,2
