title,source_url,markdown_path
5.4 Mixed Waste,http://ehs.utoronto.ca/laboratory-hazardous-waste-management-and-disposal-manual/mixed-waste/,/Users/iyakavets/Documents/obsidian/viprorok/EHS Wiki/Pages/5.4 Mixed Waste.md
5.5 Sharp Waste Management,http://ehs.utoronto.ca/laboratory-hazardous-waste-management-and-disposal-manual/5-5-sharp-waste-management/,/Users/iyakavets/Documents/obsidian/viprorok/EHS Wiki/Pages/5.5 Sharp Waste Management.md
Ambient air sampling tmplate result for Type 3 asbestos work,https://ehs.utoronto.ca/our-services/occupational-hygiene-safety/asbestos-management-program/ambient-air-sampling-tmplate-result-for-type-3-asbestos-work/,/Users/iyakavets/Documents/obsidian/viprorok/EHS Wiki/Pages/Ambient air sampling tmplate result for Type 3 asbestos work.md
Asbestos – Important Reminders,https://ehs.utoronto.ca/our-services/occupational-hygiene-safety/asbestos-management-program/asbestos-reminders/,/Users/iyakavets/Documents/obsidian/viprorok/EHS Wiki/Pages/Asbestos Important Reminders.md
Asbestos Management Program,http://ehs.utoronto.ca/our-services/occupational-hygiene-safety/asbestos-management-program/,/Users/iyakavets/Documents/obsidian/viprorok/EHS Wiki/Pages/Asbestos Management Program.md
asbestos-data-website_instructions20160928,https://ehs.utoronto.ca/our-services/occupational-hygiene-safety/asbestos-management-program/asbestos-data-website_instructions20160928/,/Users/iyakavets/Documents/obsidian/viprorok/EHS Wiki/Pages/asbestos-data-website_instructions20160928.md
Autoclaves / Steam Sterilizers,https://ehs.utoronto.ca/our-services/biosafety/biosafety-manual/autoclaves-steam-sterilizers/,/Users/iyakavets/Documents/obsidian/viprorok/EHS Wiki/Pages/Autoclaves Steam Sterilizers.md
Biological Spill Kit,https://ehs.utoronto.ca/our-services/biosafety/biological-spill-kit-2/,/Users/iyakavets/Documents/obsidian/viprorok/EHS Wiki/Pages/Biological Spill Kit.md
Biological Spills,http://ehs.utoronto.ca/our-services/biosafety/biological-spills/,/Users/iyakavets/Documents/obsidian/viprorok/EHS Wiki/Pages/Biological Spills (2).md
Biological Spills,https://ehs.utoronto.ca/our-services/biosafety/biological-spills/,/Users/iyakavets/Documents/obsidian/viprorok/EHS Wiki/Pages/Biological Spills.md
Biological Waste Disposal,https://ehs.utoronto.ca/laboratory-hazardous-waste-management-and-disposal-manual/biological-waste-disposal/,/Users/iyakavets/Documents/obsidian/viprorok/EHS Wiki/Pages/Biological Waste Disposal (2).md
Biological Waste Disposal,http://ehs.utoronto.ca/biological-waste-disposal/,/Users/iyakavets/Documents/obsidian/viprorok/EHS Wiki/Pages/Biological Waste Disposal.md
Biosafety Cabinets,https://ehs.utoronto.ca/our-services/biosafety/biosafety-manual/biosafety-cabinets/,/Users/iyakavets/Documents/obsidian/viprorok/EHS Wiki/Pages/Biosafety Cabinets.md
Biosafety Manual,https://ehs.utoronto.ca/our-services/biosafety/biosafety-manual/,/Users/iyakavets/Documents/obsidian/viprorok/EHS Wiki/Pages/Biosafety Manual.md
Biosafety Permit Holder,http://ehs.utoronto.ca/our-services/biosafety/biosafety-manual/biosafety-permit-holder/,/Users/iyakavets/Documents/obsidian/viprorok/EHS Wiki/Pages/Biosafety Permit Holder.md
Biosafety Permits,https://ehs.utoronto.ca/our-services/biosafety/biosafety-manual/biosafety-permit/,/Users/iyakavets/Documents/obsidian/viprorok/EHS Wiki/Pages/Biosafety Permits.md
Biosafety Training,https://ehs.utoronto.ca/our-services/biosafety/biosafety-training/,/Users/iyakavets/Documents/obsidian/viprorok/EHS Wiki/Pages/Biosafety Training.md
Biosafety,http://ehs.utoronto.ca/our-services/biosafety/,/Users/iyakavets/Documents/obsidian/viprorok/EHS Wiki/Pages/Biosafety.md
Central Chemical Inventory Management System,https://ehs.utoronto.ca/central-chemical-inventory-management-system/,/Users/iyakavets/Documents/obsidian/viprorok/EHS Wiki/Pages/Central Chemical Inventory Management System.md
Chemical and Lab Safety,http://ehs.utoronto.ca/our-services/chemical-and-lab-safety/,/Users/iyakavets/Documents/obsidian/viprorok/EHS Wiki/Pages/Chemical and Lab Safety.md
Chemical Spill Procedures,https://ehs.utoronto.ca/report-an-incident/emergency-procedures/chemical-spill-procedures/,/Users/iyakavets/Documents/obsidian/viprorok/EHS Wiki/Pages/Chemical Spill Procedures (2).md
Chemical Spill Procedures,http://ehs.utoronto.ca/report-an-incident/emergency-procedures/chemical-spill-procedures/,/Users/iyakavets/Documents/obsidian/viprorok/EHS Wiki/Pages/Chemical Spill Procedures.md
Chemical Spills on Body,http://ehs.utoronto.ca/report-an-incident/emergency-procedures/chemical-spills-on-body/,/Users/iyakavets/Documents/obsidian/viprorok/EHS Wiki/Pages/Chemical Spills on Body.md
Chemical Waste Disposal,http://ehs.utoronto.ca/chemical-waste-disposal/,/Users/iyakavets/Documents/obsidian/viprorok/EHS Wiki/Pages/Chemical Waste Disposal.md
Consultant Asbestos Abatement Spec Form_template,https://ehs.utoronto.ca/our-services/occupational-hygiene-safety/asbestos-management-program/consultant-asbestos-abatement-spec-form_template/,/Users/iyakavets/Documents/obsidian/viprorok/EHS Wiki/Pages/Consultant Asbestos Abatement Spec Form_template.md
COVID 19 and Laser Safety Goggles,https://ehs.utoronto.ca/our-services/laser-safety/covid-19-and-laser-safety-goggles/,/Users/iyakavets/Documents/obsidian/viprorok/EHS Wiki/Pages/COVID 19 and Laser Safety Goggles.md
Decontamination,https://ehs.utoronto.ca/our-services/biosafety/biosafety-manual/decontamination/,/Users/iyakavets/Documents/obsidian/viprorok/EHS Wiki/Pages/Decontamination.md
Electric and Magnetic Field (EMF) Safety Program,https://ehs.utoronto.ca/our-services/radiation-safety/emf-safety-program/,/Users/iyakavets/Documents/obsidian/viprorok/EHS Wiki/Pages/Electric and Magnetic Field EMF Safety Program.md
Emergency Procedures,https://ehs.utoronto.ca/our-services/biosafety/biosafety-manual/emergency-procedures/,/Users/iyakavets/Documents/obsidian/viprorok/EHS Wiki/Pages/Emergency Procedures (2).md
Emergency Procedures,https://ehs.utoronto.ca/report-an-incident/emergency-procedures/,/Users/iyakavets/Documents/obsidian/viprorok/EHS Wiki/Pages/Emergency Procedures (3).md
Emergency Procedures,http://ehs.utoronto.ca/report-an-incident/emergency-procedures/,/Users/iyakavets/Documents/obsidian/viprorok/EHS Wiki/Pages/Emergency Procedures.md
"Environmental Health & Safety Program – Policies, Procedures and Guidelines",http://ehs.utoronto.ca/resources/policies-and-procedures/,/Users/iyakavets/Documents/obsidian/viprorok/EHS Wiki/Pages/Environmental Health Safety Program Policies Procedures and Guidelines (2).md
"Environmental Health & Safety Program – Policies, Procedures and Guidelines",https://ehs.utoronto.ca/resources/policies-and-procedures/,/Users/iyakavets/Documents/obsidian/viprorok/EHS Wiki/Pages/Environmental Health Safety Program Policies Procedures and Guidelines.md
Environmental Protection Services,https://ehs.utoronto.ca/our-services/environmental-protection-services/,/Users/iyakavets/Documents/obsidian/viprorok/EHS Wiki/Pages/Environmental Protection Services.md
EPS Training Presentations,http://ehs.utoronto.ca/our-services/environmental-protection-services/eps-training-presentations/,/Users/iyakavets/Documents/obsidian/viprorok/EHS Wiki/Pages/EPS Training Presentations.md
Ergonomic FAQs,http://ehs.utoronto.ca/our-services/occupational-hygiene-safety/ergonomics/faq/,/Users/iyakavets/Documents/obsidian/viprorok/EHS Wiki/Pages/Ergonomic FAQs.md
First Aid Training,http://ehs.utoronto.ca/training/first-aid-training/,/Users/iyakavets/Documents/obsidian/viprorok/EHS Wiki/Pages/First Aid Training.md
Fume Hoods,https://ehs.utoronto.ca/our-services/biosafety/biosafety-manual/fume-hoods/,/Users/iyakavets/Documents/obsidian/viprorok/EHS Wiki/Pages/Fume Hoods.md
Fume-Hoods-03-Design-Standard_November-2018,http://ehs.utoronto.ca/our-services/chemical-and-lab-safety/fume-hoods-03-design-standard_november-2018/,/Users/iyakavets/Documents/obsidian/viprorok/EHS Wiki/Pages/Fume-Hoods-03-Design-Standard_November-2018.md
General Laboratory Safety Practices,https://ehs.utoronto.ca/our-services/biosafety/biosafety-manual/general-laboratory-safety-practices/,/Users/iyakavets/Documents/obsidian/viprorok/EHS Wiki/Pages/General Laboratory Safety Practices.md
General Requirements,http://ehs.utoronto.ca/laboratory-hazardous-waste-management-and-disposal-manual/general-requirements/,/Users/iyakavets/Documents/obsidian/viprorok/EHS Wiki/Pages/General Requirements.md
Generic Lab Emergency Contact List,https://ehs.utoronto.ca/resources/policies-and-procedures/generic-lab-emergency-contact-list/,/Users/iyakavets/Documents/obsidian/viprorok/EHS Wiki/Pages/Generic Lab Emergency Contact List.md
Guide for General Laboratory Spill Kit Contents,http://ehs.utoronto.ca/laboratory-hazardous-waste-management-and-disposal-manual/guide-for-general-laboratory-spill-kit-contents/,/Users/iyakavets/Documents/obsidian/viprorok/EHS Wiki/Pages/Guide for General Laboratory Spill Kit Contents.md
Guideline – Biosafety Manual and Emergency Response Plan for Level 1 Permits,https://ehs.utoronto.ca/guideline-biosafety-manual-and-emergency-response-plan-for-level-1-permits/,/Users/iyakavets/Documents/obsidian/viprorok/EHS Wiki/Pages/Guideline Biosafety Manual and Emergency Response Plan for Level 1 Permits.md
Guideline – Biosafety Manual and Emergency Response Plan for Level 2 Permits,https://ehs.utoronto.ca/guideline-biosafety-manual-and-emergency-response-plan-for-level-2-permits-2/,/Users/iyakavets/Documents/obsidian/viprorok/EHS Wiki/Pages/Guideline Biosafety Manual and Emergency Response Plan for Level 2 Permits.md
Guidelines for Images in Research and Teaching Laboratories,https://ehs.utoronto.ca/guidelines-images-research-teaching-laboratories/,/Users/iyakavets/Documents/obsidian/viprorok/EHS Wiki/Pages/Guidelines for Images in Research and Teaching Laboratories.md
Guidelines for Laboratory Closure,https://ehs.utoronto.ca/our-services/environmental-protection-services/guidelines-for-laboratory-closure/,/Users/iyakavets/Documents/obsidian/viprorok/EHS Wiki/Pages/Guidelines for Laboratory Closure (2).md
Guidelines for Laboratory Closure,http://ehs.utoronto.ca/our-services/environmental-protection-services/guidelines-for-laboratory-closure/,/Users/iyakavets/Documents/obsidian/viprorok/EHS Wiki/Pages/Guidelines for Laboratory Closure.md
Guidelines for Laboratory Tours,https://ehs.utoronto.ca/guidelines-lab-tours/,/Users/iyakavets/Documents/obsidian/viprorok/EHS Wiki/Pages/Guidelines for Laboratory Tours (2).md
Guidelines for Laboratory Tours,http://ehs.utoronto.ca/guidelines-lab-tours/,/Users/iyakavets/Documents/obsidian/viprorok/EHS Wiki/Pages/Guidelines for Laboratory Tours.md
"Guidelines for Purchasing, Modifying, and Transferring Laser Products",https://ehs.utoronto.ca/our-services/laser-safety/guidelines-for-purchasing-modifying-and-transferring-laser-products/,/Users/iyakavets/Documents/obsidian/viprorok/EHS Wiki/Pages/Guidelines for Purchasing Modifying and Transferring Laser Products.md
Guidelines on the Use of Perfumes and Scented Products,https://ehs.utoronto.ca/our-services/occupational-hygiene-safety/guidelines-on-the-use-of-perfumes-and-scented-products/,/Users/iyakavets/Documents/obsidian/viprorok/EHS Wiki/Pages/Guidelines on the Use of Perfumes and Scented Products (2).md
Guidelines on the Use of Perfumes and Scented Products,http://ehs.utoronto.ca/our-services/occupational-hygiene-safety/guidelines-on-the-use-of-perfumes-and-scented-products/,/Users/iyakavets/Documents/obsidian/viprorok/EHS Wiki/Pages/Guidelines on the Use of Perfumes and Scented Products.md
High Hazard Chemicals,http://ehs.utoronto.ca/our-services/chemical-and-lab-safety/high-hazard-chemicals/,/Users/iyakavets/Documents/obsidian/viprorok/EHS Wiki/Pages/High Hazard Chemicals.md
History of WHMIS,https://ehs.utoronto.ca/our-services/chemical-and-lab-safety/whmis/history-of-whmis/,/Users/iyakavets/Documents/obsidian/viprorok/EHS Wiki/Pages/History of WHMIS.md
Honeywell North Primair 700 Series Instruction Manual,https://ehs.utoronto.ca/honeywell-north-primair-700-series-instruction-manual/,/Users/iyakavets/Documents/obsidian/viprorok/EHS Wiki/Pages/Honeywell North Primair 700 Series Instruction Manual.md
Hydrogen Fluoride (HF) Program,http://ehs.utoronto.ca/our-services/chemical-and-lab-safety/hydrogen-fluoride-hf-program/,/Users/iyakavets/Documents/obsidian/viprorok/EHS Wiki/Pages/Hydrogen Fluoride HF Program.md
"Importation, Use and Distribution of Biological materials",https://ehs.utoronto.ca/our-services/biosafety/biosafety-manual/importation-use-distribution-biological-materials/,/Users/iyakavets/Documents/obsidian/viprorok/EHS Wiki/Pages/Importation Use and Distribution of Biological materials.md
Index,http://ehs.utoronto.ca/laboratory-hazardous-waste-management-and-disposal-manual/index/,/Users/iyakavets/Documents/obsidian/viprorok/EHS Wiki/Pages/Index.md
Institutional Biosafety & Biosecurity Committee,http://ehs.utoronto.ca/biosafety/institutional-biosafety-committee/,/Users/iyakavets/Documents/obsidian/viprorok/EHS Wiki/Pages/Institutional Biosafety Biosecurity Committee (2).md
Institutional Biosafety & Biosecurity Committee,https://ehs.utoronto.ca/our-services/biosafety/institutional-biosafety-committee/,/Users/iyakavets/Documents/obsidian/viprorok/EHS Wiki/Pages/Institutional Biosafety Biosecurity Committee.md
Institutional Laboratory Safety Committee,https://ehs.utoronto.ca/our-services/chemical-and-lab-safety/institutional-laboratory-safety-committee/,/Users/iyakavets/Documents/obsidian/viprorok/EHS Wiki/Pages/Institutional Laboratory Safety Committee.md
Institutional Radiation Protection Committee,http://ehs.utoronto.ca/radiation-safety/radiation-protection-authority/,/Users/iyakavets/Documents/obsidian/viprorok/EHS Wiki/Pages/Institutional Radiation Protection Committee.md
Introduction to Lab Hazardous Waste Management and Disposal Manual,http://ehs.utoronto.ca/laboratory-hazardous-waste-management-and-disposal-manual/introduction/,/Users/iyakavets/Documents/obsidian/viprorok/EHS Wiki/Pages/Introduction to Lab Hazardous Waste Management and Disposal Manual.md
Lab-Safety-Design-Standard-December_2018,https://ehs.utoronto.ca/resources/policies-and-procedures/lab-safety-design-standard-december_2018/,/Users/iyakavets/Documents/obsidian/viprorok/EHS Wiki/Pages/Lab-Safety-Design-Standard-December_2018.md
Laboratory Decommissioning,http://ehs.utoronto.ca/laboratory-hazardous-waste-management-and-disposal-manual/laboratory-decommissioning/,/Users/iyakavets/Documents/obsidian/viprorok/EHS Wiki/Pages/Laboratory Decommissioning.md
Laboratory Hazardous Waste Management and Disposal Manual,http://ehs.utoronto.ca/laboratory-hazardous-waste-management-and-disposal-manual/,/Users/iyakavets/Documents/obsidian/viprorok/EHS Wiki/Pages/Laboratory Hazardous Waste Management and Disposal Manual (2).md
Laboratory Hazardous Waste Management and Disposal Manual,https://ehs.utoronto.ca/laboratory-hazardous-waste-management-and-disposal-manual/,/Users/iyakavets/Documents/obsidian/viprorok/EHS Wiki/Pages/Laboratory Hazardous Waste Management and Disposal Manual.md
Laboratory Users,https://ehs.utoronto.ca/our-services/biosafety/biosafety-manual/laboratory-users/,/Users/iyakavets/Documents/obsidian/viprorok/EHS Wiki/Pages/Laboratory Users.md
Laboratory Waste Management,https://ehs.utoronto.ca/laboratory-waste-management/,/Users/iyakavets/Documents/obsidian/viprorok/EHS Wiki/Pages/Laboratory Waste Management.md
Laboratory-Renovation-Construction-Initiation-Form-Appendix-A,https://ehs.utoronto.ca/laboratory-renovation-construction-initiation-form-appendix-a/,/Users/iyakavets/Documents/obsidian/viprorok/EHS Wiki/Pages/Laboratory-Renovation-Construction-Initiation-Form-Appendix-A.md
Laser Beam Alignment,https://ehs.utoronto.ca/our-services/laser-safety/laser-beam-alignment/,/Users/iyakavets/Documents/obsidian/viprorok/EHS Wiki/Pages/Laser Beam Alignment.md
Laser Safety,http://ehs.utoronto.ca/our-services/laser-safety/,/Users/iyakavets/Documents/obsidian/viprorok/EHS Wiki/Pages/Laser Safety (2).md
Laser Safety Committee,http://ehs.utoronto.ca/laser-safety-program/laser-safety-committee/,/Users/iyakavets/Documents/obsidian/viprorok/EHS Wiki/Pages/Laser Safety Committee.md
Laser Safety Officer Training,https://ehs.utoronto.ca/our-services/laser-safety/laser-safety-officer-training/,/Users/iyakavets/Documents/obsidian/viprorok/EHS Wiki/Pages/Laser Safety Officer Training.md
Laser Safety Program,http://ehs.utoronto.ca/laser-safety-program/laser-safety-program/,/Users/iyakavets/Documents/obsidian/viprorok/EHS Wiki/Pages/Laser Safety Program.md
Laser Safety Training Courses,https://ehs.utoronto.ca/our-services/laser-safety/laser-safety-training-courses/,/Users/iyakavets/Documents/obsidian/viprorok/EHS Wiki/Pages/Laser Safety Training Courses.md
Laser Safety,https://ehs.utoronto.ca/our-services/laser-safety/,/Users/iyakavets/Documents/obsidian/viprorok/EHS Wiki/Pages/Laser Safety.md
Medical Emergency/First Aid,http://ehs.utoronto.ca/report-an-incident/emergency-procedures/medical-emergencyfirst-aid/,/Users/iyakavets/Documents/obsidian/viprorok/EHS Wiki/Pages/Medical EmergencyFirst Aid.md
Medical Surveillance and Immunoprophylaxis,https://ehs.utoronto.ca/our-services/biosafety/biosafety-manual/medical-surveillance-immunoprophylaxis/,/Users/iyakavets/Documents/obsidian/viprorok/EHS Wiki/Pages/Medical Surveillance and Immunoprophylaxis.md
Mercury Spill Procedures,http://ehs.utoronto.ca/report-an-incident/emergency-procedures/mercury-spill-procedures/,/Users/iyakavets/Documents/obsidian/viprorok/EHS Wiki/Pages/Mercury Spill Procedures.md
Needles and Syringes,https://ehs.utoronto.ca/our-services/biosafety/biosafety-manual/needles-and-syringes/,/Users/iyakavets/Documents/obsidian/viprorok/EHS Wiki/Pages/Needles and Syringes.md
New Feature: Asbestos Data Website,https://ehs.utoronto.ca/frequently-asked-questions-asbestos-data-website/,/Users/iyakavets/Documents/obsidian/viprorok/EHS Wiki/Pages/New Feature Asbestos Data Website.md
NEW Guidelines on Working with Nanomaterials,http://ehs.utoronto.ca/new-guidelines-on-working-with-nanomaterials/,/Users/iyakavets/Documents/obsidian/viprorok/EHS Wiki/Pages/NEW Guidelines on Working with Nanomaterials.md
"NEW Safety Guidelines for the Use of Carcinogens, Teratogens, and Highly Toxic Chemicals in Small Quantities",http://ehs.utoronto.ca/safety-guidelines-on-working-with-nanomaterials/,/Users/iyakavets/Documents/obsidian/viprorok/EHS Wiki/Pages/NEW Safety Guidelines for the Use of Carcinogens Teratogens and Highly Toxic Chemicals in.md
Notification of asbestos air sampling FORM,https://ehs.utoronto.ca/our-services/occupational-hygiene-safety/asbestos-management-program/notification-of-asbestos-air-sampling-20180710-final/,/Users/iyakavets/Documents/obsidian/viprorok/EHS Wiki/Pages/Notification of asbestos air sampling FORM.md
Occupational Hygiene & Safety,https://ehs.utoronto.ca/our-services/occupational-hygiene-safety/,/Users/iyakavets/Documents/obsidian/viprorok/EHS Wiki/Pages/Occupational Hygiene Safety.md
Office Ergonomics Infographic,http://ehs.utoronto.ca/office-ergonomics-infographic/,/Users/iyakavets/Documents/obsidian/viprorok/EHS Wiki/Pages/Office Ergonomics Infographic.md
Office Ergonomics,http://ehs.utoronto.ca/our-services/occupational-hygiene-safety/ergonomics/,/Users/iyakavets/Documents/obsidian/viprorok/EHS Wiki/Pages/Office Ergonomics.md
Other trade/transport links,http://ehs.utoronto.ca/our-services/biosafety/other-tradetransport-links/,/Users/iyakavets/Documents/obsidian/viprorok/EHS Wiki/Pages/Other tradetransport links.md
Our Services,https://ehs.utoronto.ca/our-services/,/Users/iyakavets/Documents/obsidian/viprorok/EHS Wiki/Pages/our-services.md
Personal Protective Equipment (PPE),https://ehs.utoronto.ca/resources/personal-protective-equipment-ppe/,/Users/iyakavets/Documents/obsidian/viprorok/EHS Wiki/Pages/Personal Protective Equipment PPE.md
Polychlorinated Biphenyl [PCB] Spills,http://ehs.utoronto.ca/report-an-incident/emergency-procedures/polychlorinated-biphenyl-pcb-spills/,/Users/iyakavets/Documents/obsidian/viprorok/EHS Wiki/Pages/Polychlorinated Biphenyl PCB Spills.md
Prevention of Accidental Importation of Chemical Weapons Convention Controlled Chemicals,https://ehs.utoronto.ca/prevention-of-accidental-importation-of-chemical-weapons-convention-controlled-chemicals/,/Users/iyakavets/Documents/obsidian/viprorok/EHS Wiki/Pages/Prevention of Accidental Importation of Chemical Weapons Convention Controlled Chemicals.md
Radiation Alarm,http://ehs.utoronto.ca/report-an-incident/emergency-procedures/radiation-alarm/,/Users/iyakavets/Documents/obsidian/viprorok/EHS Wiki/Pages/Radiation Alarm.md
Radiation Protection Service,http://ehs.utoronto.ca/our-services/radiation-safety/,/Users/iyakavets/Documents/obsidian/viprorok/EHS Wiki/Pages/Radiation Protection Service (2).md
Radiation Protection Service Contacts,https://ehs.utoronto.ca/aboutus/contact-us/contact-us-radiation-protection-services/,/Users/iyakavets/Documents/obsidian/viprorok/EHS Wiki/Pages/Radiation Protection Service Contacts.md
Radiation Protection Service,https://ehs.utoronto.ca/our-services/radiation-safety/,/Users/iyakavets/Documents/obsidian/viprorok/EHS Wiki/Pages/Radiation Protection Service.md
Radiation Safety,https://ehs.utoronto.ca/radiation-safety-materials/,/Users/iyakavets/Documents/obsidian/viprorok/EHS Wiki/Pages/Radiation Safety.md
Radioactive Material Spill Procedures,http://ehs.utoronto.ca/report-an-incident/emergency-procedures/radioactive-material-spill-procedures/,/Users/iyakavets/Documents/obsidian/viprorok/EHS Wiki/Pages/Radioactive Material Spill Procedures.md
Radioactive Waste Disposal,http://ehs.utoronto.ca/radioactive-waste-disposal/,/Users/iyakavets/Documents/obsidian/viprorok/EHS Wiki/Pages/Radioactive Waste Disposal.md
Resources,https://ehs.utoronto.ca/resources/,/Users/iyakavets/Documents/obsidian/viprorok/EHS Wiki/Pages/resources.md
Respirator User Screening Form (PDF),https://ehs.utoronto.ca/respirator-user-screening-form-2021/,/Users/iyakavets/Documents/obsidian/viprorok/EHS Wiki/Pages/Respirator User Screening Form PDF.md
Respirator Wearing Guide: How to Don/Doff Respirators,https://ehs.utoronto.ca/respirator-wearing-guide/,/Users/iyakavets/Documents/obsidian/viprorok/EHS Wiki/Pages/Respirator Wearing Guide How to DonDoff Respirators.md
Respiratory Protection Training and Fit-Testing,https://ehs.utoronto.ca/training/respiratory-protection-training-fit-testing/,/Users/iyakavets/Documents/obsidian/viprorok/EHS Wiki/Pages/Respiratory Protection Training and Fit-Testing.md
Responsibilities,http://ehs.utoronto.ca/laboratory-hazardous-waste-management-and-disposal-manual/responsibilities/,/Users/iyakavets/Documents/obsidian/viprorok/EHS Wiki/Pages/Responsibilities.md
Revised Respirator User Screening Form (Word),http://ehs.utoronto.ca/revised-respirator-user-screening-form-september-2018-2/,/Users/iyakavets/Documents/obsidian/viprorok/EHS Wiki/Pages/Revised Respirator User Screening Form Word.md
Sample Request Form For Prescription Safety Glasses Vendors,https://ehs.utoronto.ca/resources/policies-and-procedures/sample-request-form-for-prescription-safety-glasses-vendors_20180502/,/Users/iyakavets/Documents/obsidian/viprorok/EHS Wiki/Pages/Sample Request Form For Prescription Safety Glasses Vendors.md
Spectacle Kits for Full-Face Respirators,https://ehs.utoronto.ca/spectacle-kits-for-full-face-respirators/,/Users/iyakavets/Documents/obsidian/viprorok/EHS Wiki/Pages/Spectacle Kits for Full-Face Respirators.md
Spill Reporting Procedures,http://ehs.utoronto.ca/report-an-incident/spill-reporting-procedures/,/Users/iyakavets/Documents/obsidian/viprorok/EHS Wiki/Pages/Spill Reporting Procedures.md
Standard Operating Procedure (SOP): Bites or Severe Scratches from Research Animals,https://ehs.utoronto.ca/our-services/occupational-hygiene-safety/standard-operating-procedure-sop-bites-or-severe-scratches-from-research-animals/,/Users/iyakavets/Documents/obsidian/viprorok/EHS Wiki/Pages/Standard Operating Procedure SOP Bites or Severe Scratches from Research Animals.md
Standards,https://ehs.utoronto.ca/resources/standards/,/Users/iyakavets/Documents/obsidian/viprorok/EHS Wiki/Pages/Standards.md
Summary Guide for Packaging & Handling Hazardous Waste,http://ehs.utoronto.ca/laboratory-hazardous-waste-management-and-disposal-manual/summary-guide-for-packaging-handling-hazardous-waste/,/Users/iyakavets/Documents/obsidian/viprorok/EHS Wiki/Pages/Summary Guide for Packaging Handling Hazardous Waste.md
Techniques for Minimizing Aerosols,https://ehs.utoronto.ca/our-services/biosafety/techniques-for-minimizing-aerosols/,/Users/iyakavets/Documents/obsidian/viprorok/EHS Wiki/Pages/Techniques for Minimizing Aerosols.md
Training Matrix: Admin & Facilities Staff,https://ehs.utoronto.ca/training/admin-facilities-staff/,/Users/iyakavets/Documents/obsidian/viprorok/EHS Wiki/Pages/Training Matrix Admin Facilities Staff.md
Training Matrix: Laboratory Personnel,https://ehs.utoronto.ca/training/laboratory-personnel/,/Users/iyakavets/Documents/obsidian/viprorok/EHS Wiki/Pages/Training Matrix Laboratory Personnel (2).md
Training Matrix: Laboratory Personnel,http://ehs.utoronto.ca/training/laboratory-personnel/,/Users/iyakavets/Documents/obsidian/viprorok/EHS Wiki/Pages/Training Matrix Laboratory Personnel.md
Training Registration,https://ehs.utoronto.ca/training/my-ehs-training/,/Users/iyakavets/Documents/obsidian/viprorok/EHS Wiki/Pages/Training Registration.md
Trouble Shooting Guide for Sources of Discomfort,http://ehs.utoronto.ca/our-services/occupational-hygiene-safety/ergonomics/trouble-shooting-guide-for-sources-of-discomfort/,/Users/iyakavets/Documents/obsidian/viprorok/EHS Wiki/Pages/Trouble Shooting Guide for Sources of Discomfort.md
Use of Laser Pointers,http://ehs.utoronto.ca/our-services/laser-safety/use-of-laser-pointers/,/Users/iyakavets/Documents/obsidian/viprorok/EHS Wiki/Pages/Use of Laser Pointers.md
Vacuum Line Hazards,https://ehs.utoronto.ca/our-services/biosafety/vacuum-line-hazards/,/Users/iyakavets/Documents/obsidian/viprorok/EHS Wiki/Pages/Vacuum Line Hazards.md
Waste Minimization,http://ehs.utoronto.ca/laboratory-hazardous-waste-management-and-disposal-manual/waste-minimization/,/Users/iyakavets/Documents/obsidian/viprorok/EHS Wiki/Pages/Waste Minimization.md
WHMIS Compliance Labeling,https://ehs.utoronto.ca/our-services/chemical-and-lab-safety/whmis/whmis-compliance-labeling/,/Users/iyakavets/Documents/obsidian/viprorok/EHS Wiki/Pages/WHMIS Compliance Labeling.md
WHMIS Inspections,https://ehs.utoronto.ca/our-services/chemical-and-lab-safety/whmis/university-wide-whmis-compliance-program/,/Users/iyakavets/Documents/obsidian/viprorok/EHS Wiki/Pages/WHMIS Inspections.md
WHMIS Workplace Labeling,https://ehs.utoronto.ca/our-services/chemical-and-lab-safety/whmis/whmis-workplace-labeling/,/Users/iyakavets/Documents/obsidian/viprorok/EHS Wiki/Pages/WHMIS Workplace Labeling.md
Working at Heights Training,https://ehs.utoronto.ca/working-at-heights-training/,/Users/iyakavets/Documents/obsidian/viprorok/EHS Wiki/Pages/Working at Heights Training.md
Working with Laboratory Animals,https://ehs.utoronto.ca/our-services/biosafety/biosafety-manual/working-laboratory-animals/,/Users/iyakavets/Documents/obsidian/viprorok/EHS Wiki/Pages/Working with Laboratory Animals.md
Workplace Hazardous Information System (WHMIS) Training,https://ehs.utoronto.ca/our-services/chemical-and-lab-safety/whmis/whmis-lab-safety-training/,/Users/iyakavets/Documents/obsidian/viprorok/EHS Wiki/Pages/Workplace Hazardous Information System WHMIS Training.md
Workplace Hazardous Materials Information System (WHMIS),https://ehs.utoronto.ca/whmis/,/Users/iyakavets/Documents/obsidian/viprorok/EHS Wiki/Pages/Workplace Hazardous Materials Information System WHMIS (2).md
Workplace Hazardous Materials Information System (WHMIS),https://ehs.utoronto.ca/our-services/chemical-and-lab-safety/whmis/,/Users/iyakavets/Documents/obsidian/viprorok/EHS Wiki/Pages/Workplace Hazardous Materials Information System WHMIS.md
X-ray Barrier Calculator,http://ehs.utoronto.ca/our-services/x-ray-safety/x-ray-barriers/,/Users/iyakavets/Documents/obsidian/viprorok/EHS Wiki/Pages/X-ray Barrier Calculator.md
X-ray Permit Application and Machine Registration Procedures,https://ehs.utoronto.ca/our-services/x-ray-safety/guide-completion-x-ray-permit-application/,/Users/iyakavets/Documents/obsidian/viprorok/EHS Wiki/Pages/X-ray Permit Application and Machine Registration Procedures (2).md
X-ray Permit Application and Machine Registration Procedures,http://ehs.utoronto.ca/our-services/x-ray-safety/guide-completion-x-ray-permit-application/,/Users/iyakavets/Documents/obsidian/viprorok/EHS Wiki/Pages/X-ray Permit Application and Machine Registration Procedures.md
X-ray Safety,http://ehs.utoronto.ca/our-services/x-ray-safety/,/Users/iyakavets/Documents/obsidian/viprorok/EHS Wiki/Pages/X-ray Safety (2).md
X-ray Safety Program Manual,https://ehs.utoronto.ca/x-ray-safety-program/,/Users/iyakavets/Documents/obsidian/viprorok/EHS Wiki/Pages/X-ray Safety Program Manual.md
X-ray Safety Training,https://ehs.utoronto.ca/our-services/x-ray-safety/x-ray-safety-training/,/Users/iyakavets/Documents/obsidian/viprorok/EHS Wiki/Pages/X-ray Safety Training.md
X-ray Safety,https://ehs.utoronto.ca/our-services/x-ray-safety/,/Users/iyakavets/Documents/obsidian/viprorok/EHS Wiki/Pages/X-ray Safety.md
