title,source_url,local_path
AppA_CSDecisionTree20170707.pdf,http://ehs.utoronto.ca/wp-content/uploads/2014/06/AppA_CSDecisionTree20170707.pdf,/Users/iyakavets/Documents/obsidian/viprorok/EHS Wiki/PDFs/AppA_CSDecisionTree20170707.pdf
AppG-J-ConfinedSpace-Forms20170821.pdf,http://ehs.utoronto.ca/wp-content/uploads/2014/06/AppG-J-ConfinedSpace-Forms20170821.pdf,/Users/iyakavets/Documents/obsidian/viprorok/EHS Wiki/PDFs/AppG-J-ConfinedSpace-Forms20170821.pdf
GroundsHandbook2017_20170105.pdf,http://ehs.utoronto.ca/wp-content/uploads/2014/06/GroundsHandbook2017_20170105.pdf,/Users/iyakavets/Documents/obsidian/viprorok/EHS Wiki/PDFs/GroundsHandbook2017_20170105.pdf
Heat-Stress.pdf,http://ehs.utoronto.ca/wp-content/uploads/2014/06/Heat-Stress.pdf,/Users/iyakavets/Documents/obsidian/viprorok/EHS Wiki/PDFs/Heat-Stress.pdf
IARC-Carcinogens.pdf,http://ehs.utoronto.ca/wp-content/uploads/2014/06/IARC-Carcinogens.pdf,/Users/iyakavets/Documents/obsidian/viprorok/EHS Wiki/PDFs/IARC-Carcinogens.pdf
Job-Safety-Analysis-Form-November-2019.pdf,http://ehs.utoronto.ca/wp-content/uploads/2014/06/Job-Safety-Analysis-Form-November-2019.pdf,/Users/iyakavets/Documents/obsidian/viprorok/EHS Wiki/PDFs/Job-Safety-Analysis-Form-November-2019.pdf
Lead-SOPs-PDF-20171109b.pdf,http://ehs.utoronto.ca/wp-content/uploads/2014/06/Lead-SOPs-PDF-20171109b.pdf,/Users/iyakavets/Documents/obsidian/viprorok/EHS Wiki/PDFs/Lead-SOPs-PDF-20171109b.pdf
Mould-Control-Program-Procedures-4-FINAL-20170821.pdf,http://ehs.utoronto.ca/wp-content/uploads/2014/06/Mould-Control-Program-Procedures-4-FINAL-20170821.pdf,/Users/iyakavets/Documents/obsidian/viprorok/EHS Wiki/PDFs/Mould-Control-Program-Procedures-4-FINAL-20170821.pdf
Portal-Ladders-Standard.pdf,http://ehs.utoronto.ca/wp-content/uploads/2014/06/Portal-Ladders-Standard.pdf,/Users/iyakavets/Documents/obsidian/viprorok/EHS Wiki/PDFs/Portal-Ladders-Standard.pdf
confinedspaceprogram-20170707.pdf,http://ehs.utoronto.ca/wp-content/uploads/2014/06/confinedspaceprogram-20170707.pdf,/Users/iyakavets/Documents/obsidian/viprorok/EHS Wiki/PDFs/confinedspaceprogram-20170707.pdf
Cleaning-Bird-and-Animal-Urine-Feces-and-Nesting-Areas.pdf,http://ehs.utoronto.ca/wp-content/uploads/2015/10/Cleaning-Bird-and-Animal-Urine-Feces-and-Nesting-Areas.pdf,/Users/iyakavets/Documents/obsidian/viprorok/EHS Wiki/PDFs/Cleaning-Bird-and-Animal-Urine-Feces-and-Nesting-Areas.pdf
Cold-Stress.pdf,http://ehs.utoronto.ca/wp-content/uploads/2015/10/Cold-Stress.pdf,/Users/iyakavets/Documents/obsidian/viprorok/EHS Wiki/PDFs/Cold-Stress.pdf
Control-Program-for-Liquid-Cryogenic-Transfer-Facilities.pdf,http://ehs.utoronto.ca/wp-content/uploads/2015/10/Control-Program-for-Liquid-Cryogenic-Transfer-Facilities.pdf,/Users/iyakavets/Documents/obsidian/viprorok/EHS Wiki/PDFs/Control-Program-for-Liquid-Cryogenic-Transfer-Facilities.pdf
Crystalline-Silica-Procedures-September-2016.pdf,http://ehs.utoronto.ca/wp-content/uploads/2015/10/Crystalline-Silica-Procedures-September-2016.pdf,/Users/iyakavets/Documents/obsidian/viprorok/EHS Wiki/PDFs/Crystalline-Silica-Procedures-September-2016.pdf
Decommissioning-form-for-Biological-agents.pdf,http://ehs.utoronto.ca/wp-content/uploads/2015/10/Decommissioning-form-for-Biological-agents.pdf,/Users/iyakavets/Documents/obsidian/viprorok/EHS Wiki/PDFs/Decommissioning-form-for-Biological-agents.pdf
Doxorubicin.pdf,http://ehs.utoronto.ca/wp-content/uploads/2015/10/Doxorubicin.pdf,/Users/iyakavets/Documents/obsidian/viprorok/EHS Wiki/PDFs/Doxorubicin.pdf
Emergency-Eyewash-and-Shower-Std.pdf,http://ehs.utoronto.ca/wp-content/uploads/2015/10/Emergency-Eyewash-and-Shower-Std.pdf,/Users/iyakavets/Documents/obsidian/viprorok/EHS Wiki/PDFs/Emergency-Eyewash-and-Shower-Std.pdf
Eye-Protection-Standard.pdf,http://ehs.utoronto.ca/wp-content/uploads/2015/10/Eye-Protection-Standard.pdf,/Users/iyakavets/Documents/obsidian/viprorok/EHS Wiki/PDFs/Eye-Protection-Standard.pdf
Guidelines-for-Working-in-Loading-Docks.pdf,http://ehs.utoronto.ca/wp-content/uploads/2015/10/Guidelines-for-Working-in-Loading-Docks.pdf,/Users/iyakavets/Documents/obsidian/viprorok/EHS Wiki/PDFs/Guidelines-for-Working-in-Loading-Docks.pdf
Hand-Protection-Gloves.pdf,http://ehs.utoronto.ca/wp-content/uploads/2015/10/Hand-Protection-Gloves.pdf,/Users/iyakavets/Documents/obsidian/viprorok/EHS Wiki/PDFs/Hand-Protection-Gloves.pdf
Head-Protection.pdf,http://ehs.utoronto.ca/wp-content/uploads/2015/10/Head-Protection.pdf,/Users/iyakavets/Documents/obsidian/viprorok/EHS Wiki/PDFs/Head-Protection.pdf
Job-Shadowing.pdf,http://ehs.utoronto.ca/wp-content/uploads/2015/10/Job-Shadowing.pdf,/Users/iyakavets/Documents/obsidian/viprorok/EHS Wiki/PDFs/Job-Shadowing.pdf
Laboratory-Safety-Program.pdf,http://ehs.utoronto.ca/wp-content/uploads/2015/10/Laboratory-Safety-Program.pdf,/Users/iyakavets/Documents/obsidian/viprorok/EHS Wiki/PDFs/Laboratory-Safety-Program.pdf
Lead-Program.pdf,http://ehs.utoronto.ca/wp-content/uploads/2015/10/Lead-Program.pdf,/Users/iyakavets/Documents/obsidian/viprorok/EHS Wiki/PDFs/Lead-Program.pdf
Lifting-Devices.pdf,http://ehs.utoronto.ca/wp-content/uploads/2015/10/Lifting-Devices.pdf,/Users/iyakavets/Documents/obsidian/viprorok/EHS Wiki/PDFs/Lifting-Devices.pdf
Lockout-Procedures.pdf,http://ehs.utoronto.ca/wp-content/uploads/2015/10/Lockout-Procedures.pdf,/Users/iyakavets/Documents/obsidian/viprorok/EHS Wiki/PDFs/Lockout-Procedures.pdf
Lockout-or-Tagout.pdf,http://ehs.utoronto.ca/wp-content/uploads/2015/10/Lockout-or-Tagout.pdf,/Users/iyakavets/Documents/obsidian/viprorok/EHS Wiki/PDFs/Lockout-or-Tagout.pdf
Machine-Safety-Guidelines-2015.pd-Updated.pdf,http://ehs.utoronto.ca/wp-content/uploads/2015/10/Machine-Safety-Guidelines-2015.pd-Updated.pdf,/Users/iyakavets/Documents/obsidian/viprorok/EHS Wiki/PDFs/Machine-Safety-Guidelines-2015.pd-Updated.pdf
Maintenance-Contractor-Procedure-for-Working-on-Potentially-Contaminated-Plumbing.pd-Updated.pdf,http://ehs.utoronto.ca/wp-content/uploads/2015/10/Maintenance-Contractor-Procedure-for-Working-on-Potentially-Contaminated-Plumbing.pd-Updated.pdf,/Users/iyakavets/Documents/obsidian/viprorok/EHS Wiki/PDFs/Maintenance-Contractor-Procedure-for-Working-on-Potentially-Contaminated-Plumbing.pd-Updated.pdf
Maintenance-Procedure-for-Working-on-Fume-Hood-Ducts.pd-Updated.pdf,http://ehs.utoronto.ca/wp-content/uploads/2015/10/Maintenance-Procedure-for-Working-on-Fume-Hood-Ducts.pd-Updated.pdf,/Users/iyakavets/Documents/obsidian/viprorok/EHS Wiki/PDFs/Maintenance-Procedure-for-Working-on-Fume-Hood-Ducts.pd-Updated.pdf
Mould-Control-Program.pdf,http://ehs.utoronto.ca/wp-content/uploads/2015/10/Mould-Control-Program.pdf,/Users/iyakavets/Documents/obsidian/viprorok/EHS Wiki/PDFs/Mould-Control-Program.pdf
Noise-Program-Rev.-March-2016.pdf,http://ehs.utoronto.ca/wp-content/uploads/2015/10/Noise-Program-Rev.-March-2016.pdf,/Users/iyakavets/Documents/obsidian/viprorok/EHS Wiki/PDFs/Noise-Program-Rev.-March-2016.pdf
Protective-Clothing.pdf,http://ehs.utoronto.ca/wp-content/uploads/2015/10/Protective-Clothing.pdf,/Users/iyakavets/Documents/obsidian/viprorok/EHS Wiki/PDFs/Protective-Clothing.pdf
Refrigerators-Updated.pdf,http://ehs.utoronto.ca/wp-content/uploads/2015/10/Refrigerators-Updated.pdf,/Users/iyakavets/Documents/obsidian/viprorok/EHS Wiki/PDFs/Refrigerators-Updated.pdf
Restricted-Spaces.pdf,http://ehs.utoronto.ca/wp-content/uploads/2015/10/Restricted-Spaces.pdf,/Users/iyakavets/Documents/obsidian/viprorok/EHS Wiki/PDFs/Restricted-Spaces.pdf
Scaffolds.pdf,http://ehs.utoronto.ca/wp-content/uploads/2015/10/Scaffolds.pdf,/Users/iyakavets/Documents/obsidian/viprorok/EHS Wiki/PDFs/Scaffolds.pdf
Standard-for-Inert-Cryogenic-Liquid-Usage-in-the-Laboratory-Updated.pdf,http://ehs.utoronto.ca/wp-content/uploads/2015/10/Standard-for-Inert-Cryogenic-Liquid-Usage-in-the-Laboratory-Updated.pdf,/Users/iyakavets/Documents/obsidian/viprorok/EHS Wiki/PDFs/Standard-for-Inert-Cryogenic-Liquid-Usage-in-the-Laboratory-Updated.pdf
Storage-Cabinets-Updated.pdf,http://ehs.utoronto.ca/wp-content/uploads/2015/10/Storage-Cabinets-Updated.pdf,/Users/iyakavets/Documents/obsidian/viprorok/EHS Wiki/PDFs/Storage-Cabinets-Updated.pdf
Storage-Rooms-Updated.pdf,http://ehs.utoronto.ca/wp-content/uploads/2015/10/Storage-Rooms-Updated.pdf,/Users/iyakavets/Documents/obsidian/viprorok/EHS Wiki/PDFs/Storage-Rooms-Updated.pdf
Window-Cleaning.pdf,http://ehs.utoronto.ca/wp-content/uploads/2015/10/Window-Cleaning.pdf,/Users/iyakavets/Documents/obsidian/viprorok/EHS Wiki/PDFs/Window-Cleaning.pdf
Working-with-Chlorpyrifos-and-Chlorpyrifos-treated-animals.pdf,http://ehs.utoronto.ca/wp-content/uploads/2015/10/Working-with-Chlorpyrifos-and-Chlorpyrifos-treated-animals.pdf,/Users/iyakavets/Documents/obsidian/viprorok/EHS Wiki/PDFs/Working-with-Chlorpyrifos-and-Chlorpyrifos-treated-animals.pdf
WorkingElevatedHeights20160318.pdf,http://ehs.utoronto.ca/wp-content/uploads/2015/10/WorkingElevatedHeights20160318.pdf,/Users/iyakavets/Documents/obsidian/viprorok/EHS Wiki/PDFs/WorkingElevatedHeights20160318.pdf
Eyewash-and-Shower-Needs-Assessment-Flowchart.pdf,http://ehs.utoronto.ca/wp-content/uploads/2016/02/Eyewash-and-Shower-Needs-Assessment-Flowchart.pdf,/Users/iyakavets/Documents/obsidian/viprorok/EHS Wiki/PDFs/Eyewash-and-Shower-Needs-Assessment-Flowchart.pdf
Preventing-Mould-in-Cold-Rooms.pdf,http://ehs.utoronto.ca/wp-content/uploads/2016/02/Preventing-Mould-in-Cold-Rooms.pdf,/Users/iyakavets/Documents/obsidian/viprorok/EHS Wiki/PDFs/Preventing-Mould-in-Cold-Rooms.pdf
Laboratory-PPE-Assessment-Tool.pd-Updated.pdf,http://ehs.utoronto.ca/wp-content/uploads/2016/06/Laboratory-PPE-Assessment-Tool.pd-Updated.pdf,/Users/iyakavets/Documents/obsidian/viprorok/EHS Wiki/PDFs/Laboratory-PPE-Assessment-Tool.pd-Updated.pdf
Protective-Footwear-Standard.pdf,http://ehs.utoronto.ca/wp-content/uploads/2016/06/Protective-Footwear-Standard.pdf,/Users/iyakavets/Documents/obsidian/viprorok/EHS Wiki/PDFs/Protective-Footwear-Standard.pdf
Youth-in-Labs-Guidelines.pd-Updated.pdf,http://ehs.utoronto.ca/wp-content/uploads/2016/06/Youth-in-Labs-Guidelines.pd-Updated.pdf,/Users/iyakavets/Documents/obsidian/viprorok/EHS Wiki/PDFs/Youth-in-Labs-Guidelines.pd-Updated.pdf
AppB-F_ConfinedSpaceSOPs-20161102.pdf,http://ehs.utoronto.ca/wp-content/uploads/2016/10/AppB-F_ConfinedSpaceSOPs-20161102.pdf,/Users/iyakavets/Documents/obsidian/viprorok/EHS Wiki/PDFs/AppB-F_ConfinedSpaceSOPs-20161102.pdf
Bed-Bug-Procedure-Updated.doc.pdf,http://ehs.utoronto.ca/wp-content/uploads/2016/12/Bed-Bug-Procedure-Updated.doc.pdf,/Users/iyakavets/Documents/obsidian/viprorok/EHS Wiki/PDFs/Bed-Bug-Procedure-Updated.doc.pdf
Fume-Hoods-05-User-Guidelines-Updated.pdf,http://ehs.utoronto.ca/wp-content/uploads/2016/12/Fume-Hoods-05-User-Guidelines-Updated.pdf,/Users/iyakavets/Documents/obsidian/viprorok/EHS Wiki/PDFs/Fume-Hoods-05-User-Guidelines-Updated.pdf
Chemical-Storage-Table-Updated.pdf,http://ehs.utoronto.ca/wp-content/uploads/2017/01/Chemical-Storage-Table-Updated.pdf,/Users/iyakavets/Documents/obsidian/viprorok/EHS Wiki/PDFs/Chemical-Storage-Table-Updated.pdf
Cleanup-of-Laboratory-Surfaces-Contaminated-with-Ethidium-Bromide-Updated.pdf,http://ehs.utoronto.ca/wp-content/uploads/2017/01/Cleanup-of-Laboratory-Surfaces-Contaminated-with-Ethidium-Bromide-Updated.pdf,/Users/iyakavets/Documents/obsidian/viprorok/EHS Wiki/PDFs/Cleanup-of-Laboratory-Surfaces-Contaminated-with-Ethidium-Bromide-Updated.pdf
First-Aid-Program.pdf,http://ehs.utoronto.ca/wp-content/uploads/2017/01/First-Aid-Program.pdf,/Users/iyakavets/Documents/obsidian/viprorok/EHS Wiki/PDFs/First-Aid-Program.pdf
Handling-and-using-Piranha-Solution-Updated.pdf,http://ehs.utoronto.ca/wp-content/uploads/2017/01/Handling-and-using-Piranha-Solution-Updated.pdf,/Users/iyakavets/Documents/obsidian/viprorok/EHS Wiki/PDFs/Handling-and-using-Piranha-Solution-Updated.pdf
Phenyl-Hydrazine-and-Phenyl-Hydrazine-Hydrochloride-procedure-for-use-Updated.pdf,http://ehs.utoronto.ca/wp-content/uploads/2017/01/Phenyl-Hydrazine-and-Phenyl-Hydrazine-Hydrochloride-procedure-for-use-Updated.pdf,/Users/iyakavets/Documents/obsidian/viprorok/EHS Wiki/PDFs/Phenyl-Hydrazine-and-Phenyl-Hydrazine-Hydrochloride-procedure-for-use-Updated.pdf
Semicarbazide-procedure-for-use-Updated.pdf,http://ehs.utoronto.ca/wp-content/uploads/2017/01/Semicarbazide-procedure-for-use-Updated.pdf,/Users/iyakavets/Documents/obsidian/viprorok/EHS Wiki/PDFs/Semicarbazide-procedure-for-use-Updated.pdf
Temozolomide-procedure-for-use-Updated.pdf,http://ehs.utoronto.ca/wp-content/uploads/2017/01/Temozolomide-procedure-for-use-Updated.pdf,/Users/iyakavets/Documents/obsidian/viprorok/EHS Wiki/PDFs/Temozolomide-procedure-for-use-Updated.pdf
Lab-Coat-Guidelines.pdf,http://ehs.utoronto.ca/wp-content/uploads/2017/04/Lab-Coat-Guidelines.pdf,/Users/iyakavets/Documents/obsidian/viprorok/EHS Wiki/PDFs/Lab-Coat-Guidelines.pdf
Respiratory-Protection-Program.pdf,http://ehs.utoronto.ca/wp-content/uploads/2017/05/Respiratory-Protection-Program.pdf,/Users/iyakavets/Documents/obsidian/viprorok/EHS Wiki/PDFs/Respiratory-Protection-Program.pdf
Fume-Hoods-03-Design-Standard_November-2018.pdf,http://ehs.utoronto.ca/wp-content/uploads/2018/12/Fume-Hoods-03-Design-Standard_November-2018.pdf,/Users/iyakavets/Documents/obsidian/viprorok/EHS Wiki/PDFs/Fume-Hoods-03-Design-Standard_November-2018.pdf
Soldering-Guidelines-20181206.pdf,http://ehs.utoronto.ca/wp-content/uploads/2018/12/Soldering-Guidelines-20181206.pdf,/Users/iyakavets/Documents/obsidian/viprorok/EHS Wiki/PDFs/Soldering-Guidelines-20181206.pdf
Welding-Guidelines-20180225.pdf,http://ehs.utoronto.ca/wp-content/uploads/2019/02/Welding-Guidelines-20180225.pdf,/Users/iyakavets/Documents/obsidian/viprorok/EHS Wiki/PDFs/Welding-Guidelines-20180225.pdf
Supervisor-Due-Diligence-checklist-20190725-FINAL.pdf,http://ehs.utoronto.ca/wp-content/uploads/2019/07/Supervisor-Due-Diligence-checklist-20190725-FINAL.pdf,/Users/iyakavets/Documents/obsidian/viprorok/EHS Wiki/PDFs/Supervisor-Due-Diligence-checklist-20190725-FINAL.pdf
Supervisor-Toolkit-20190729-FINAL.pdf,http://ehs.utoronto.ca/wp-content/uploads/2019/07/Supervisor-Toolkit-20190729-FINAL.pdf,/Users/iyakavets/Documents/obsidian/viprorok/EHS Wiki/PDFs/Supervisor-Toolkit-20190729-FINAL.pdf
Guidelines-for-the-use-of-Carcinogens-and-Teratogens-in-Small-Quantities-February-2020.pdf,http://ehs.utoronto.ca/wp-content/uploads/2020/02/Guidelines-for-the-use-of-Carcinogens-and-Teratogens-in-Small-Quantities-February-2020.pdf,/Users/iyakavets/Documents/obsidian/viprorok/EHS Wiki/PDFs/Guidelines-for-the-use-of-Carcinogens-and-Teratogens-in-Small-Quantities-February-2020.pdf
Hot_ColdExpMedSurveillanceSurveyFinal2020.pdf,http://ehs.utoronto.ca/wp-content/uploads/2020/02/Hot_ColdExpMedSurveillanceSurveyFinal2020.pdf,/Users/iyakavets/Documents/obsidian/viprorok/EHS Wiki/PDFs/Hot_ColdExpMedSurveillanceSurveyFinal2020.pdf
Guidelines-on-Working-With-Nanomaterials-Feb-2020.pdf,http://ehs.utoronto.ca/wp-content/uploads/2020/03/Guidelines-on-Working-With-Nanomaterials-Feb-2020.pdf,/Users/iyakavets/Documents/obsidian/viprorok/EHS Wiki/PDFs/Guidelines-on-Working-With-Nanomaterials-Feb-2020.pdf
Bucket-List-Poster.pdf,http://ehs.utoronto.ca/wp-content/uploads/2021/06/Bucket-List-Poster.pdf,/Users/iyakavets/Documents/obsidian/viprorok/EHS Wiki/PDFs/Bucket-List-Poster.pdf
Noise-at-Work-Understanding-the-Difference-Between-Hazardous-and-Nuisance-Noise.pdf,http://ehs.utoronto.ca/wp-content/uploads/2022/06/Noise-at-Work-Understanding-the-Difference-Between-Hazardous-and-Nuisance-Noise.pdf,/Users/iyakavets/Documents/obsidian/viprorok/EHS Wiki/PDFs/Noise-at-Work-Understanding-the-Difference-Between-Hazardous-and-Nuisance-Noise.pdf
Non-Service-Animals-on-Campus-Guideline.pdf,http://ehs.utoronto.ca/wp-content/uploads/2022/08/Non-Service-Animals-on-Campus-Guideline.pdf,/Users/iyakavets/Documents/obsidian/viprorok/EHS Wiki/PDFs/Non-Service-Animals-on-Campus-Guideline.pdf
Pest-Bed-Bug-InfoGuide-PropertyManagement-2019-ENG.pdf,http://ehs.utoronto.ca/wp-content/uploads/2022/10/Pest-Bed-Bug-InfoGuide-PropertyManagement-2019-ENG.pdf,/Users/iyakavets/Documents/obsidian/viprorok/EHS Wiki/PDFs/Pest-Bed-Bug-InfoGuide-PropertyManagement-2019-ENG.pdf
Pest-Bed-Bugs-InfoSheet-101PropertyManagers-2014-ENG.pdf,http://ehs.utoronto.ca/wp-content/uploads/2022/10/Pest-Bed-Bugs-InfoSheet-101PropertyManagers-2014-ENG.pdf,/Users/iyakavets/Documents/obsidian/viprorok/EHS Wiki/PDFs/Pest-Bed-Bugs-InfoSheet-101PropertyManagers-2014-ENG.pdf
Pest-Bed-Bugs-InfoSheet-OfficeTenantTips-ENG.pdf,http://ehs.utoronto.ca/wp-content/uploads/2022/10/Pest-Bed-Bugs-InfoSheet-OfficeTenantTips-ENG.pdf,/Users/iyakavets/Documents/obsidian/viprorok/EHS Wiki/PDFs/Pest-Bed-Bugs-InfoSheet-OfficeTenantTips-ENG.pdf
Pest-Bed-Bugs-Infographic-DoNotLetBedBugsBite-ENG.pdf,http://ehs.utoronto.ca/wp-content/uploads/2022/10/Pest-Bed-Bugs-Infographic-DoNotLetBedBugsBite-ENG.pdf,/Users/iyakavets/Documents/obsidian/viprorok/EHS Wiki/PDFs/Pest-Bed-Bugs-Infographic-DoNotLetBedBugsBite-ENG.pdf
University-of-Toronto-Electrical-Safety-Program.pdf,http://ehs.utoronto.ca/wp-content/uploads/2023/01/University-of-Toronto-Electrical-Safety-Program.pdf,/Users/iyakavets/Documents/obsidian/viprorok/EHS Wiki/PDFs/University-of-Toronto-Electrical-Safety-Program.pdf
Generic-Lab-Emergency-Contact-List_Fillable-PDF.pdf,http://ehs.utoronto.ca/wp-content/uploads/2023/03/Generic-Lab-Emergency-Contact-List_Fillable-PDF.pdf,/Users/iyakavets/Documents/obsidian/viprorok/EHS Wiki/PDFs/Generic-Lab-Emergency-Contact-List_Fillable-PDF.pdf
HighHazardChemicalPermitRegistrationForm.pdf,http://ehs.utoronto.ca/wp-content/uploads/2023/03/HighHazardChemicalPermitRegistrationForm.pdf,/Users/iyakavets/Documents/obsidian/viprorok/EHS Wiki/PDFs/HighHazardChemicalPermitRegistrationForm.pdf
Appendix-A_University-of-Toronto-Firearms-in-Research-Guidelines.pdf,http://ehs.utoronto.ca/wp-content/uploads/2023/07/Appendix-A_University-of-Toronto-Firearms-in-Research-Guidelines.pdf,/Users/iyakavets/Documents/obsidian/viprorok/EHS Wiki/PDFs/Appendix-A_University-of-Toronto-Firearms-in-Research-Guidelines.pdf
Lighting-Ergonomics-Guideline-2023-Final.pdf,http://ehs.utoronto.ca/wp-content/uploads/2023/07/Lighting-Ergonomics-Guideline-2023-Final.pdf,/Users/iyakavets/Documents/obsidian/viprorok/EHS Wiki/PDFs/Lighting-Ergonomics-Guideline-2023-Final.pdf
University-of-Toronto-Firearms-in-Research-Guidelines.pdf,http://ehs.utoronto.ca/wp-content/uploads/2023/07/University-of-Toronto-Firearms-in-Research-Guidelines.pdf,/Users/iyakavets/Documents/obsidian/viprorok/EHS Wiki/PDFs/University-of-Toronto-Firearms-in-Research-Guidelines.pdf
Electrical-Equipment-Guidance.pdf,http://ehs.utoronto.ca/wp-content/uploads/2023/08/Electrical-Equipment-Guidance.pdf,/Users/iyakavets/Documents/obsidian/viprorok/EHS Wiki/PDFs/Electrical-Equipment-Guidance.pdf
Kitchen-Knife-Safety-Aug-2023.pdf,http://ehs.utoronto.ca/wp-content/uploads/2023/08/Kitchen-Knife-Safety-Aug-2023.pdf,/Users/iyakavets/Documents/obsidian/viprorok/EHS Wiki/PDFs/Kitchen-Knife-Safety-Aug-2023.pdf
Kitchen-Safety-Guidelines-December-2019.pdf,http://ehs.utoronto.ca/wp-content/uploads/2023/08/Kitchen-Safety-Guidelines-December-2019.pdf,/Users/iyakavets/Documents/obsidian/viprorok/EHS Wiki/PDFs/Kitchen-Safety-Guidelines-December-2019.pdf
PreventingSlipsTripsFallKitchens_Poster_2023Aug17.pdf,http://ehs.utoronto.ca/wp-content/uploads/2023/08/PreventingSlipsTripsFallKitchens_Poster_2023Aug17.pdf,/Users/iyakavets/Documents/obsidian/viprorok/EHS Wiki/PDFs/PreventingSlipsTripsFallKitchens_Poster_2023Aug17.pdf
EHSConsiderations_Makerspace.pdf,http://ehs.utoronto.ca/wp-content/uploads/2025/04/EHSConsiderations_Makerspace.pdf,/Users/iyakavets/Documents/obsidian/viprorok/EHS Wiki/PDFs/EHSConsiderations_Makerspace.pdf
Guidelines-on-University-Built-Equipment-March-2025-Ver-1.3.pdf,http://ehs.utoronto.ca/wp-content/uploads/2025/06/Guidelines-on-University-Built-Equipment-March-2025-Ver-1.3.pdf,/Users/iyakavets/Documents/obsidian/viprorok/EHS Wiki/PDFs/Guidelines-on-University-Built-Equipment-March-2025-Ver-1.3.pdf
HSconsiderationsMultiFaithRooms.pdf,http://ehs.utoronto.ca/wp-content/uploads/2026/01/HSconsiderationsMultiFaithRooms.pdf,/Users/iyakavets/Documents/obsidian/viprorok/EHS Wiki/PDFs/HSconsiderationsMultiFaithRooms.pdf
Guidelines-on-Unattended-Autonomous-Experiments-in-the-Laboratory.pdf,http://ehs.utoronto.ca/wp-content/uploads/2026/04/Guidelines-on-Unattended-Autonomous-Experiments-in-the-Laboratory.pdf,/Users/iyakavets/Documents/obsidian/viprorok/EHS Wiki/PDFs/Guidelines-on-Unattended-Autonomous-Experiments-in-the-Laboratory.pdf
WorkingElevatedHeights20160318.pdf,https://ehs.utoronto.ca/wp-content/uploads/2015/10/WorkingElevatedHeights20160318.pdf,/Users/iyakavets/Documents/obsidian/viprorok/EHS Wiki/PDFs/WorkingElevatedHeights20160318.pdf
Fume-Hoods-03-Design-Standard_November-2018.pdf,https://ehs.utoronto.ca/wp-content/uploads/2018/12/Fume-Hoods-03-Design-Standard_November-2018.pdf,/Users/iyakavets/Documents/obsidian/viprorok/EHS Wiki/PDFs/Fume-Hoods-03-Design-Standard_November-2018.pdf
Working-Alone-Guidelines.pdf,https://ehs.utoronto.ca/wp-content/uploads/2020/03/Working-Alone-Guidelines.pdf,/Users/iyakavets/Documents/obsidian/viprorok/EHS Wiki/PDFs/Working-Alone-Guidelines.pdf
Laboratory-PI-inspection-checklist-ver-1.02.pdf,https://ehs.utoronto.ca/wp-content/uploads/2021/01/Laboratory-PI-inspection-checklist-ver-1.02.pdf,/Users/iyakavets/Documents/obsidian/viprorok/EHS Wiki/PDFs/Laboratory-PI-inspection-checklist-ver-1.02.pdf
UofTStudentPlacementChecklist.pdf,https://ehs.utoronto.ca/wp-content/uploads/2024/11/UofTStudentPlacementChecklist.pdf,/Users/iyakavets/Documents/obsidian/viprorok/EHS Wiki/PDFs/UofTStudentPlacementChecklist.pdf
Laboratory-Guidelines-for-Youth-Outreach-Programs-April-2025.pdf,https://ehs.utoronto.ca/wp-content/uploads/2025/05/Laboratory-Guidelines-for-Youth-Outreach-Programs-April-2025.pdf,/Users/iyakavets/Documents/obsidian/viprorok/EHS Wiki/PDFs/Laboratory-Guidelines-for-Youth-Outreach-Programs-April-2025.pdf
Workplace-Violence-Prevention-Program-2024.pdf,https://people.utoronto.ca/wp-content/uploads/2025/04/Workplace-Violence-Prevention-Program-2024.pdf,/Users/iyakavets/Documents/obsidian/viprorok/EHS Wiki/PDFs/Workplace-Violence-Prevention-Program-2024.pdf
heat-stress-deadly-poster.pdf,https://www.ohcow.on.ca/wp-content/uploads/2024/02/heat-stress-deadly-poster.pdf,/Users/iyakavets/Documents/obsidian/viprorok/EHS Wiki/PDFs/heat-stress-deadly-poster.pdf
Portal-Ladders-Standard.pdf,https://ehs.utoronto.ca/wp-content/uploads/2014/06/Portal-Ladders-Standard.pdf,/Users/iyakavets/Documents/obsidian/viprorok/EHS Wiki/PDFs/Portal-Ladders-Standard.pdf
Eye-Protection-Standard.pdf,https://ehs.utoronto.ca/wp-content/uploads/2015/10/Eye-Protection-Standard.pdf,/Users/iyakavets/Documents/obsidian/viprorok/EHS Wiki/PDFs/Eye-Protection-Standard.pdf
Protective-Footwear-Standard.pdf,https://ehs.utoronto.ca/wp-content/uploads/2016/06/Protective-Footwear-Standard.pdf,/Users/iyakavets/Documents/obsidian/viprorok/EHS Wiki/PDFs/Protective-Footwear-Standard.pdf
Compressed-gas-safety-standard-November-2021.pdf,https://ehs.utoronto.ca/wp-content/uploads/2018/12/Compressed-gas-safety-standard-November-2021.pdf,/Users/iyakavets/Documents/obsidian/viprorok/EHS Wiki/PDFs/Compressed-gas-safety-standard-November-2021.pdf
Lab-Safety-Design-Standard-December_2018.pdf,https://ehs.utoronto.ca/wp-content/uploads/2018/12/Lab-Safety-Design-Standard-December_2018.pdf,/Users/iyakavets/Documents/obsidian/viprorok/EHS Wiki/PDFs/Lab-Safety-Design-Standard-December_2018.pdf
Respirator-Standard.pdf,http://ehs.utoronto.ca/wp-content/uploads/2015/10/Respirator-Standard.pdf,/Users/iyakavets/Documents/obsidian/viprorok/EHS Wiki/PDFs/Respirator-Standard.pdf
Protective-Footwear-Standard.pdf,http://ehs.utoronto.ca/wp-content/uploads/2016/06/Protective-Footwear-Standard.pdf,/Users/iyakavets/Documents/obsidian/viprorok/EHS Wiki/PDFs/Protective-Footwear-Standard.pdf
Lab-Coat-Guidelines.pdf,http://ehs.utoronto.ca/wp-content/uploads/2017/04/Lab-Coat-Guidelines.pdf,/Users/iyakavets/Documents/obsidian/viprorok/EHS Wiki/PDFs/Lab-Coat-Guidelines.pdf
Eye-Protection-Standard.pdf,https://ehs.utoronto.ca/wp-content/uploads/2015/10/Eye-Protection-Standard.pdf,/Users/iyakavets/Documents/obsidian/viprorok/EHS Wiki/PDFs/Eye-Protection-Standard.pdf
Hand-Protection-Gloves.pdf,https://ehs.utoronto.ca/wp-content/uploads/2015/10/Hand-Protection-Gloves.pdf,/Users/iyakavets/Documents/obsidian/viprorok/EHS Wiki/PDFs/Hand-Protection-Gloves.pdf
Head-Protection.pdf,https://ehs.utoronto.ca/wp-content/uploads/2015/10/Head-Protection.pdf,/Users/iyakavets/Documents/obsidian/viprorok/EHS Wiki/PDFs/Head-Protection.pdf
Noise-Program-Rev.-March-2016.pdf,https://ehs.utoronto.ca/wp-content/uploads/2015/10/Noise-Program-Rev.-March-2016.pdf,/Users/iyakavets/Documents/obsidian/viprorok/EHS Wiki/PDFs/Noise-Program-Rev.-March-2016.pdf
Laboratory-PPE-Assessment-Tool.pd-Updated.pdf,https://ehs.utoronto.ca/wp-content/uploads/2016/06/Laboratory-PPE-Assessment-Tool.pd-Updated.pdf,/Users/iyakavets/Documents/obsidian/viprorok/EHS Wiki/PDFs/Laboratory-PPE-Assessment-Tool.pd-Updated.pdf
Respiratory-Protection-Program.pdf,https://ehs.utoronto.ca/wp-content/uploads/2017/05/Respiratory-Protection-Program.pdf,/Users/iyakavets/Documents/obsidian/viprorok/EHS Wiki/PDFs/Respiratory-Protection-Program.pdf
Guidelines-for-Laboratory-Closure-June-2016.pdf,http://ehs.utoronto.ca/wp-content/uploads/2014/10/Guidelines-for-Laboratory-Closure-June-2016.pdf,/Users/iyakavets/Documents/obsidian/viprorok/EHS Wiki/PDFs/Guidelines-for-Laboratory-Closure-June-2016.pdf
Decommissioning-form-for-Biological-agents.pdf,https://ehs.utoronto.ca/wp-content/uploads/2015/10/Decommissioning-form-for-Biological-agents.pdf,/Users/iyakavets/Documents/obsidian/viprorok/EHS Wiki/PDFs/Decommissioning-form-for-Biological-agents.pdf
Doxorubicin.pdf,https://ehs.utoronto.ca/wp-content/uploads/2015/10/Doxorubicin.pdf,/Users/iyakavets/Documents/obsidian/viprorok/EHS Wiki/PDFs/Doxorubicin.pdf
Working-with-Chlorpyrifos-and-Chlorpyrifos-treated-animals.pdf,https://ehs.utoronto.ca/wp-content/uploads/2015/10/Working-with-Chlorpyrifos-and-Chlorpyrifos-treated-animals.pdf,/Users/iyakavets/Documents/obsidian/viprorok/EHS Wiki/PDFs/Working-with-Chlorpyrifos-and-Chlorpyrifos-treated-animals.pdf
Cleanup-of-Laboratory-Surfaces-Contaminated-with-Ethidium-Bromide-Updated.pdf,https://ehs.utoronto.ca/wp-content/uploads/2017/01/Cleanup-of-Laboratory-Surfaces-Contaminated-with-Ethidium-Bromide-Updated.pdf,/Users/iyakavets/Documents/obsidian/viprorok/EHS Wiki/PDFs/Cleanup-of-Laboratory-Surfaces-Contaminated-with-Ethidium-Bromide-Updated.pdf
Semicarbazide-procedure-for-use-Updated.pdf,https://ehs.utoronto.ca/wp-content/uploads/2017/01/Semicarbazide-procedure-for-use-Updated.pdf,/Users/iyakavets/Documents/obsidian/viprorok/EHS Wiki/PDFs/Semicarbazide-procedure-for-use-Updated.pdf
Temozolomide-procedure-for-use-Updated.pdf,https://ehs.utoronto.ca/wp-content/uploads/2017/01/Temozolomide-procedure-for-use-Updated.pdf,/Users/iyakavets/Documents/obsidian/viprorok/EHS Wiki/PDFs/Temozolomide-procedure-for-use-Updated.pdf
Lenti_Containment_Guidance.pdf,https://osp.od.nih.gov/wp-content/uploads/Lenti_Containment_Guidance.pdf,/Users/iyakavets/Documents/obsidian/viprorok/EHS Wiki/PDFs/Lenti_Containment_Guidance.pdf
UTSC-Biological-Waste-Procedures.pdf,http://ehs.utoronto.ca/wp-content/uploads/2015/10/UTSC-Biological-Waste-Procedures.pdf,/Users/iyakavets/Documents/obsidian/viprorok/EHS Wiki/PDFs/UTSC-Biological-Waste-Procedures.pdf
Bucket-List-Poster.pdf,http://ehs.utoronto.ca/wp-content/uploads/2021/06/Bucket-List-Poster.pdf,/Users/iyakavets/Documents/obsidian/viprorok/EHS Wiki/PDFs/Bucket-List-Poster.pdf
UofT_2017-18SustainabilityYB_Download-1-1.pdf,https://www.fs.utoronto.ca/wp-content/uploads/2021/03/UofT_2017-18SustainabilityYB_Download-1-1.pdf,/Users/iyakavets/Documents/obsidian/viprorok/EHS Wiki/PDFs/UofT_2017-18SustainabilityYB_Download-1-1.pdf
Laser-Accident-Victims-View.pdf,http://ehs.utoronto.ca/wp-content/uploads/2015/10/Laser-Accident-Victims-View.pdf,/Users/iyakavets/Documents/obsidian/viprorok/EHS Wiki/PDFs/Laser-Accident-Victims-View.pdf
Laser-Lab-Design.pdf,http://ehs.utoronto.ca/wp-content/uploads/2015/10/Laser-Lab-Design.pdf,/Users/iyakavets/Documents/obsidian/viprorok/EHS Wiki/PDFs/Laser-Lab-Design.pdf
LSM.pdf,https://ehs.utoronto.ca/wp-content/uploads/2021/10/LSM.pdf,/Users/iyakavets/Documents/obsidian/viprorok/EHS Wiki/PDFs/LSM.pdf
regulation-861.pdf,http://ehs.utoronto.ca/wp-content/uploads/2015/10/regulation-861.pdf,/Users/iyakavets/Documents/obsidian/viprorok/EHS Wiki/PDFs/regulation-861.pdf
2020-X-ray-User-Authorized-List.pdf,http://ehs.utoronto.ca/wp-content/uploads/2020/05/2020-X-ray-User-Authorized-List.pdf,/Users/iyakavets/Documents/obsidian/viprorok/EHS Wiki/PDFs/2020-X-ray-User-Authorized-List.pdf
Dosimeter-Application-Form-Jan-2025.pdf,http://ehs.utoronto.ca/wp-content/uploads/2025/01/Dosimeter-Application-Form-Jan-2025.pdf,/Users/iyakavets/Documents/obsidian/viprorok/EHS Wiki/PDFs/Dosimeter-Application-Form-Jan-2025.pdf
X-ray-Safety-Program-Manual-April-2026.pdf,http://ehs.utoronto.ca/wp-content/uploads/2026/04/X-ray-Safety-Program-Manual-April-2026.pdf,/Users/iyakavets/Documents/obsidian/viprorok/EHS Wiki/PDFs/X-ray-Safety-Program-Manual-April-2026.pdf
AppA_CSDecisionTree20170707.pdf,http://ehs.utoronto.ca/wp-content/uploads/2014/06/AppA_CSDecisionTree20170707.pdf,/Users/iyakavets/Documents/obsidian/viprorok/EHS Wiki/PDFs/AppA_CSDecisionTree20170707.pdf
AppG-J-ConfinedSpace-Forms20170821.pdf,http://ehs.utoronto.ca/wp-content/uploads/2014/06/AppG-J-ConfinedSpace-Forms20170821.pdf,/Users/iyakavets/Documents/obsidian/viprorok/EHS Wiki/PDFs/AppG-J-ConfinedSpace-Forms20170821.pdf
Heat-Stress.pdf,http://ehs.utoronto.ca/wp-content/uploads/2014/06/Heat-Stress.pdf,/Users/iyakavets/Documents/obsidian/viprorok/EHS Wiki/PDFs/Heat-Stress.pdf
Baking-and-Cooking.pdf,http://ehs.utoronto.ca/wp-content/uploads/2015/10/Baking-and-Cooking.pdf,/Users/iyakavets/Documents/obsidian/viprorok/EHS Wiki/PDFs/Baking-and-Cooking.pdf
Cleaning-Bird-and-Animal-Urine-Feces-and-Nesting-Areas.pdf,http://ehs.utoronto.ca/wp-content/uploads/2015/10/Cleaning-Bird-and-Animal-Urine-Feces-and-Nesting-Areas.pdf,/Users/iyakavets/Documents/obsidian/viprorok/EHS Wiki/PDFs/Cleaning-Bird-and-Animal-Urine-Feces-and-Nesting-Areas.pdf
Crystalline-Silica-Procedures-September-2016.pdf,http://ehs.utoronto.ca/wp-content/uploads/2015/10/Crystalline-Silica-Procedures-September-2016.pdf,/Users/iyakavets/Documents/obsidian/viprorok/EHS Wiki/PDFs/Crystalline-Silica-Procedures-September-2016.pdf
Guidelines-for-Working-in-Loading-Docks.pdf,http://ehs.utoronto.ca/wp-content/uploads/2015/10/Guidelines-for-Working-in-Loading-Docks.pdf,/Users/iyakavets/Documents/obsidian/viprorok/EHS Wiki/PDFs/Guidelines-for-Working-in-Loading-Docks.pdf
Lockout-Procedures.pdf,http://ehs.utoronto.ca/wp-content/uploads/2015/10/Lockout-Procedures.pdf,/Users/iyakavets/Documents/obsidian/viprorok/EHS Wiki/PDFs/Lockout-Procedures.pdf
Preparing-Foods-with-Knives.pdf,http://ehs.utoronto.ca/wp-content/uploads/2015/10/Preparing-Foods-with-Knives.pdf,/Users/iyakavets/Documents/obsidian/viprorok/EHS Wiki/PDFs/Preparing-Foods-with-Knives.pdf
Restricted-Spaces.pdf,http://ehs.utoronto.ca/wp-content/uploads/2015/10/Restricted-Spaces.pdf,/Users/iyakavets/Documents/obsidian/viprorok/EHS Wiki/PDFs/Restricted-Spaces.pdf
U-of-T-Workplace-Violence-Program.pdf,http://ehs.utoronto.ca/wp-content/uploads/2015/10/U-of-T-Workplace-Violence-Program.pdf,/Users/iyakavets/Documents/obsidian/viprorok/EHS Wiki/PDFs/U-of-T-Workplace-Violence-Program.pdf
Working-in-Dishwashing-Areas.pdf,http://ehs.utoronto.ca/wp-content/uploads/2015/10/Working-in-Dishwashing-Areas.pdf,/Users/iyakavets/Documents/obsidian/viprorok/EHS Wiki/PDFs/Working-in-Dishwashing-Areas.pdf
Working-in-Service-and-Pickup-Areas.pdf,http://ehs.utoronto.ca/wp-content/uploads/2015/10/Working-in-Service-and-Pickup-Areas.pdf,/Users/iyakavets/Documents/obsidian/viprorok/EHS Wiki/PDFs/Working-in-Service-and-Pickup-Areas.pdf
AppB-F_ConfinedSpaceSOPs-20161102.pdf,http://ehs.utoronto.ca/wp-content/uploads/2016/10/AppB-F_ConfinedSpaceSOPs-20161102.pdf,/Users/iyakavets/Documents/obsidian/viprorok/EHS Wiki/PDFs/AppB-F_ConfinedSpaceSOPs-20161102.pdf
Electrical-Equipment-Guidance.pdf,http://ehs.utoronto.ca/wp-content/uploads/2023/08/Electrical-Equipment-Guidance.pdf,/Users/iyakavets/Documents/obsidian/viprorok/EHS Wiki/PDFs/Electrical-Equipment-Guidance.pdf
Kitchen-Knife-Safety-Aug-2023.pdf,http://ehs.utoronto.ca/wp-content/uploads/2023/08/Kitchen-Knife-Safety-Aug-2023.pdf,/Users/iyakavets/Documents/obsidian/viprorok/EHS Wiki/PDFs/Kitchen-Knife-Safety-Aug-2023.pdf
PreventingSlipsTripsFallKitchens_Poster_2023Aug17.pdf,http://ehs.utoronto.ca/wp-content/uploads/2023/08/PreventingSlipsTripsFallKitchens_Poster_2023Aug17.pdf,/Users/iyakavets/Documents/obsidian/viprorok/EHS Wiki/PDFs/PreventingSlipsTripsFallKitchens_Poster_2023Aug17.pdf
EHSConsiderations_Makerspace.pdf,http://ehs.utoronto.ca/wp-content/uploads/2025/04/EHSConsiderations_Makerspace.pdf,/Users/iyakavets/Documents/obsidian/viprorok/EHS Wiki/PDFs/EHSConsiderations_Makerspace.pdf
HSconsiderationsMultiFaithRooms.pdf,http://ehs.utoronto.ca/wp-content/uploads/2026/01/HSconsiderationsMultiFaithRooms.pdf,/Users/iyakavets/Documents/obsidian/viprorok/EHS Wiki/PDFs/HSconsiderationsMultiFaithRooms.pdf
Job-Safety-Analysis-Form-November-2019.pdf,https://ehs.utoronto.ca/wp-content/uploads/2014/06/Job-Safety-Analysis-Form-November-2019.pdf,/Users/iyakavets/Documents/obsidian/viprorok/EHS Wiki/PDFs/Job-Safety-Analysis-Form-November-2019.pdf
Lead-SOPs-PDF-20171109b.pdf,https://ehs.utoronto.ca/wp-content/uploads/2014/06/Lead-SOPs-PDF-20171109b.pdf,/Users/iyakavets/Documents/obsidian/viprorok/EHS Wiki/PDFs/Lead-SOPs-PDF-20171109b.pdf
Mould-Control-Program-Procedures-4-FINAL-20170821.pdf,https://ehs.utoronto.ca/wp-content/uploads/2014/06/Mould-Control-Program-Procedures-4-FINAL-20170821.pdf,/Users/iyakavets/Documents/obsidian/viprorok/EHS Wiki/PDFs/Mould-Control-Program-Procedures-4-FINAL-20170821.pdf
Portal-Ladders-Standard.pdf,https://ehs.utoronto.ca/wp-content/uploads/2014/06/Portal-Ladders-Standard.pdf,/Users/iyakavets/Documents/obsidian/viprorok/EHS Wiki/PDFs/Portal-Ladders-Standard.pdf
Cold-Stress.pdf,https://ehs.utoronto.ca/wp-content/uploads/2015/10/Cold-Stress.pdf,/Users/iyakavets/Documents/obsidian/viprorok/EHS Wiki/PDFs/Cold-Stress.pdf
Lead-Program.pdf,https://ehs.utoronto.ca/wp-content/uploads/2015/10/Lead-Program.pdf,/Users/iyakavets/Documents/obsidian/viprorok/EHS Wiki/PDFs/Lead-Program.pdf
Lifting-Devices.pdf,https://ehs.utoronto.ca/wp-content/uploads/2015/10/Lifting-Devices.pdf,/Users/iyakavets/Documents/obsidian/viprorok/EHS Wiki/PDFs/Lifting-Devices.pdf
Lockout-or-Tagout.pdf,https://ehs.utoronto.ca/wp-content/uploads/2015/10/Lockout-or-Tagout.pdf,/Users/iyakavets/Documents/obsidian/viprorok/EHS Wiki/PDFs/Lockout-or-Tagout.pdf
Machine-Safety-Guidelines-2015.pd-Updated.pdf,https://ehs.utoronto.ca/wp-content/uploads/2015/10/Machine-Safety-Guidelines-2015.pd-Updated.pdf,/Users/iyakavets/Documents/obsidian/viprorok/EHS Wiki/PDFs/Machine-Safety-Guidelines-2015.pd-Updated.pdf
Mould-Control-Program.pdf,https://ehs.utoronto.ca/wp-content/uploads/2015/10/Mould-Control-Program.pdf,/Users/iyakavets/Documents/obsidian/viprorok/EHS Wiki/PDFs/Mould-Control-Program.pdf
Noise-Program-Rev.-March-2016.pdf,https://ehs.utoronto.ca/wp-content/uploads/2015/10/Noise-Program-Rev.-March-2016.pdf,/Users/iyakavets/Documents/obsidian/viprorok/EHS Wiki/PDFs/Noise-Program-Rev.-March-2016.pdf
Scaffolds.pdf,https://ehs.utoronto.ca/wp-content/uploads/2015/10/Scaffolds.pdf,/Users/iyakavets/Documents/obsidian/viprorok/EHS Wiki/PDFs/Scaffolds.pdf
Window-Cleaning.pdf,https://ehs.utoronto.ca/wp-content/uploads/2015/10/Window-Cleaning.pdf,/Users/iyakavets/Documents/obsidian/viprorok/EHS Wiki/PDFs/Window-Cleaning.pdf
WorkingElevatedHeights20160318.pdf,https://ehs.utoronto.ca/wp-content/uploads/2015/10/WorkingElevatedHeights20160318.pdf,/Users/iyakavets/Documents/obsidian/viprorok/EHS Wiki/PDFs/WorkingElevatedHeights20160318.pdf
First-Aid-Program.pdf,https://ehs.utoronto.ca/wp-content/uploads/2017/01/First-Aid-Program.pdf,/Users/iyakavets/Documents/obsidian/viprorok/EHS Wiki/PDFs/First-Aid-Program.pdf
Kitchen-Safety-Guidelines-December-2019.pdf,https://ehs.utoronto.ca/wp-content/uploads/2023/08/Kitchen-Safety-Guidelines-December-2019.pdf,/Users/iyakavets/Documents/obsidian/viprorok/EHS Wiki/PDFs/Kitchen-Safety-Guidelines-December-2019.pdf
WorkSafelySharpBladesEdgesOffice_Poster.pdf,https://ehs.utoronto.ca/wp-content/uploads/2023/10/WorkSafelySharpBladesEdgesOffice_Poster.pdf,/Users/iyakavets/Documents/obsidian/viprorok/EHS Wiki/PDFs/WorkSafelySharpBladesEdgesOffice_Poster.pdf
AppA_CSDecisionTree20170707.pdf,http://ehs.utoronto.ca/wp-content/uploads/2014/06/AppA_CSDecisionTree20170707.pdf,/Users/iyakavets/Documents/obsidian/viprorok/EHS Wiki/PDFs/AppA_CSDecisionTree20170707.pdf
AppG-J-ConfinedSpace-Forms20170821.pdf,http://ehs.utoronto.ca/wp-content/uploads/2014/06/AppG-J-ConfinedSpace-Forms20170821.pdf,/Users/iyakavets/Documents/obsidian/viprorok/EHS Wiki/PDFs/AppG-J-ConfinedSpace-Forms20170821.pdf
GroundsHandbook2017_20170105.pdf,http://ehs.utoronto.ca/wp-content/uploads/2014/06/GroundsHandbook2017_20170105.pdf,/Users/iyakavets/Documents/obsidian/viprorok/EHS Wiki/PDFs/GroundsHandbook2017_20170105.pdf
Heat-Stress.pdf,http://ehs.utoronto.ca/wp-content/uploads/2014/06/Heat-Stress.pdf,/Users/iyakavets/Documents/obsidian/viprorok/EHS Wiki/PDFs/Heat-Stress.pdf
IARC-Carcinogens.pdf,http://ehs.utoronto.ca/wp-content/uploads/2014/06/IARC-Carcinogens.pdf,/Users/iyakavets/Documents/obsidian/viprorok/EHS Wiki/PDFs/IARC-Carcinogens.pdf
Job-Safety-Analysis-Form-November-2019.pdf,http://ehs.utoronto.ca/wp-content/uploads/2014/06/Job-Safety-Analysis-Form-November-2019.pdf,/Users/iyakavets/Documents/obsidian/viprorok/EHS Wiki/PDFs/Job-Safety-Analysis-Form-November-2019.pdf
Lead-SOPs-PDF-20171109b.pdf,http://ehs.utoronto.ca/wp-content/uploads/2014/06/Lead-SOPs-PDF-20171109b.pdf,/Users/iyakavets/Documents/obsidian/viprorok/EHS Wiki/PDFs/Lead-SOPs-PDF-20171109b.pdf
Mould-Control-Program-Procedures-4-FINAL-20170821.pdf,http://ehs.utoronto.ca/wp-content/uploads/2014/06/Mould-Control-Program-Procedures-4-FINAL-20170821.pdf,/Users/iyakavets/Documents/obsidian/viprorok/EHS Wiki/PDFs/Mould-Control-Program-Procedures-4-FINAL-20170821.pdf
Portal-Ladders-Standard.pdf,http://ehs.utoronto.ca/wp-content/uploads/2014/06/Portal-Ladders-Standard.pdf,/Users/iyakavets/Documents/obsidian/viprorok/EHS Wiki/PDFs/Portal-Ladders-Standard.pdf
confinedspaceprogram-20170707.pdf,http://ehs.utoronto.ca/wp-content/uploads/2014/06/confinedspaceprogram-20170707.pdf,/Users/iyakavets/Documents/obsidian/viprorok/EHS Wiki/PDFs/confinedspaceprogram-20170707.pdf
Cleaning-Bird-and-Animal-Urine-Feces-and-Nesting-Areas.pdf,http://ehs.utoronto.ca/wp-content/uploads/2015/10/Cleaning-Bird-and-Animal-Urine-Feces-and-Nesting-Areas.pdf,/Users/iyakavets/Documents/obsidian/viprorok/EHS Wiki/PDFs/Cleaning-Bird-and-Animal-Urine-Feces-and-Nesting-Areas.pdf
Cold-Stress.pdf,http://ehs.utoronto.ca/wp-content/uploads/2015/10/Cold-Stress.pdf,/Users/iyakavets/Documents/obsidian/viprorok/EHS Wiki/PDFs/Cold-Stress.pdf
Control-Program-for-Liquid-Cryogenic-Transfer-Facilities.pdf,http://ehs.utoronto.ca/wp-content/uploads/2015/10/Control-Program-for-Liquid-Cryogenic-Transfer-Facilities.pdf,/Users/iyakavets/Documents/obsidian/viprorok/EHS Wiki/PDFs/Control-Program-for-Liquid-Cryogenic-Transfer-Facilities.pdf
Crystalline-Silica-Procedures-September-2016.pdf,http://ehs.utoronto.ca/wp-content/uploads/2015/10/Crystalline-Silica-Procedures-September-2016.pdf,/Users/iyakavets/Documents/obsidian/viprorok/EHS Wiki/PDFs/Crystalline-Silica-Procedures-September-2016.pdf
Decommissioning-form-for-Biological-agents.pdf,http://ehs.utoronto.ca/wp-content/uploads/2015/10/Decommissioning-form-for-Biological-agents.pdf,/Users/iyakavets/Documents/obsidian/viprorok/EHS Wiki/PDFs/Decommissioning-form-for-Biological-agents.pdf
Doxorubicin.pdf,http://ehs.utoronto.ca/wp-content/uploads/2015/10/Doxorubicin.pdf,/Users/iyakavets/Documents/obsidian/viprorok/EHS Wiki/PDFs/Doxorubicin.pdf
Emergency-Eyewash-and-Shower-Std.pdf,http://ehs.utoronto.ca/wp-content/uploads/2015/10/Emergency-Eyewash-and-Shower-Std.pdf,/Users/iyakavets/Documents/obsidian/viprorok/EHS Wiki/PDFs/Emergency-Eyewash-and-Shower-Std.pdf
Eye-Protection-Standard.pdf,http://ehs.utoronto.ca/wp-content/uploads/2015/10/Eye-Protection-Standard.pdf,/Users/iyakavets/Documents/obsidian/viprorok/EHS Wiki/PDFs/Eye-Protection-Standard.pdf
Guidelines-for-Working-in-Loading-Docks.pdf,http://ehs.utoronto.ca/wp-content/uploads/2015/10/Guidelines-for-Working-in-Loading-Docks.pdf,/Users/iyakavets/Documents/obsidian/viprorok/EHS Wiki/PDFs/Guidelines-for-Working-in-Loading-Docks.pdf
Hand-Protection-Gloves.pdf,http://ehs.utoronto.ca/wp-content/uploads/2015/10/Hand-Protection-Gloves.pdf,/Users/iyakavets/Documents/obsidian/viprorok/EHS Wiki/PDFs/Hand-Protection-Gloves.pdf
Head-Protection.pdf,http://ehs.utoronto.ca/wp-content/uploads/2015/10/Head-Protection.pdf,/Users/iyakavets/Documents/obsidian/viprorok/EHS Wiki/PDFs/Head-Protection.pdf
Job-Shadowing.pdf,http://ehs.utoronto.ca/wp-content/uploads/2015/10/Job-Shadowing.pdf,/Users/iyakavets/Documents/obsidian/viprorok/EHS Wiki/PDFs/Job-Shadowing.pdf
Laboratory-Safety-Program.pdf,http://ehs.utoronto.ca/wp-content/uploads/2015/10/Laboratory-Safety-Program.pdf,/Users/iyakavets/Documents/obsidian/viprorok/EHS Wiki/PDFs/Laboratory-Safety-Program.pdf
Lead-Program.pdf,http://ehs.utoronto.ca/wp-content/uploads/2015/10/Lead-Program.pdf,/Users/iyakavets/Documents/obsidian/viprorok/EHS Wiki/PDFs/Lead-Program.pdf
Lifting-Devices.pdf,http://ehs.utoronto.ca/wp-content/uploads/2015/10/Lifting-Devices.pdf,/Users/iyakavets/Documents/obsidian/viprorok/EHS Wiki/PDFs/Lifting-Devices.pdf
Lockout-Procedures.pdf,http://ehs.utoronto.ca/wp-content/uploads/2015/10/Lockout-Procedures.pdf,/Users/iyakavets/Documents/obsidian/viprorok/EHS Wiki/PDFs/Lockout-Procedures.pdf
Lockout-or-Tagout.pdf,http://ehs.utoronto.ca/wp-content/uploads/2015/10/Lockout-or-Tagout.pdf,/Users/iyakavets/Documents/obsidian/viprorok/EHS Wiki/PDFs/Lockout-or-Tagout.pdf
Machine-Safety-Guidelines-2015.pd-Updated.pdf,http://ehs.utoronto.ca/wp-content/uploads/2015/10/Machine-Safety-Guidelines-2015.pd-Updated.pdf,/Users/iyakavets/Documents/obsidian/viprorok/EHS Wiki/PDFs/Machine-Safety-Guidelines-2015.pd-Updated.pdf
Maintenance-Contractor-Procedure-for-Working-on-Potentially-Contaminated-Plumbing.pd-Updated.pdf,http://ehs.utoronto.ca/wp-content/uploads/2015/10/Maintenance-Contractor-Procedure-for-Working-on-Potentially-Contaminated-Plumbing.pd-Updated.pdf,/Users/iyakavets/Documents/obsidian/viprorok/EHS Wiki/PDFs/Maintenance-Contractor-Procedure-for-Working-on-Potentially-Contaminated-Plumbing.pd-Updated.pdf
Maintenance-Procedure-for-Working-on-Fume-Hood-Ducts.pd-Updated.pdf,http://ehs.utoronto.ca/wp-content/uploads/2015/10/Maintenance-Procedure-for-Working-on-Fume-Hood-Ducts.pd-Updated.pdf,/Users/iyakavets/Documents/obsidian/viprorok/EHS Wiki/PDFs/Maintenance-Procedure-for-Working-on-Fume-Hood-Ducts.pd-Updated.pdf
Mould-Control-Program.pdf,http://ehs.utoronto.ca/wp-content/uploads/2015/10/Mould-Control-Program.pdf,/Users/iyakavets/Documents/obsidian/viprorok/EHS Wiki/PDFs/Mould-Control-Program.pdf
Noise-Program-Rev.-March-2016.pdf,http://ehs.utoronto.ca/wp-content/uploads/2015/10/Noise-Program-Rev.-March-2016.pdf,/Users/iyakavets/Documents/obsidian/viprorok/EHS Wiki/PDFs/Noise-Program-Rev.-March-2016.pdf
Protective-Clothing.pdf,http://ehs.utoronto.ca/wp-content/uploads/2015/10/Protective-Clothing.pdf,/Users/iyakavets/Documents/obsidian/viprorok/EHS Wiki/PDFs/Protective-Clothing.pdf
Refrigerators-Updated.pdf,http://ehs.utoronto.ca/wp-content/uploads/2015/10/Refrigerators-Updated.pdf,/Users/iyakavets/Documents/obsidian/viprorok/EHS Wiki/PDFs/Refrigerators-Updated.pdf
Restricted-Spaces.pdf,http://ehs.utoronto.ca/wp-content/uploads/2015/10/Restricted-Spaces.pdf,/Users/iyakavets/Documents/obsidian/viprorok/EHS Wiki/PDFs/Restricted-Spaces.pdf
Scaffolds.pdf,http://ehs.utoronto.ca/wp-content/uploads/2015/10/Scaffolds.pdf,/Users/iyakavets/Documents/obsidian/viprorok/EHS Wiki/PDFs/Scaffolds.pdf
Standard-for-Inert-Cryogenic-Liquid-Usage-in-the-Laboratory-Updated.pdf,http://ehs.utoronto.ca/wp-content/uploads/2015/10/Standard-for-Inert-Cryogenic-Liquid-Usage-in-the-Laboratory-Updated.pdf,/Users/iyakavets/Documents/obsidian/viprorok/EHS Wiki/PDFs/Standard-for-Inert-Cryogenic-Liquid-Usage-in-the-Laboratory-Updated.pdf
Storage-Cabinets-Updated.pdf,http://ehs.utoronto.ca/wp-content/uploads/2015/10/Storage-Cabinets-Updated.pdf,/Users/iyakavets/Documents/obsidian/viprorok/EHS Wiki/PDFs/Storage-Cabinets-Updated.pdf
Storage-Rooms-Updated.pdf,http://ehs.utoronto.ca/wp-content/uploads/2015/10/Storage-Rooms-Updated.pdf,/Users/iyakavets/Documents/obsidian/viprorok/EHS Wiki/PDFs/Storage-Rooms-Updated.pdf
Window-Cleaning.pdf,http://ehs.utoronto.ca/wp-content/uploads/2015/10/Window-Cleaning.pdf,/Users/iyakavets/Documents/obsidian/viprorok/EHS Wiki/PDFs/Window-Cleaning.pdf
Working-with-Chlorpyrifos-and-Chlorpyrifos-treated-animals.pdf,http://ehs.utoronto.ca/wp-content/uploads/2015/10/Working-with-Chlorpyrifos-and-Chlorpyrifos-treated-animals.pdf,/Users/iyakavets/Documents/obsidian/viprorok/EHS Wiki/PDFs/Working-with-Chlorpyrifos-and-Chlorpyrifos-treated-animals.pdf
WorkingElevatedHeights20160318.pdf,http://ehs.utoronto.ca/wp-content/uploads/2015/10/WorkingElevatedHeights20160318.pdf,/Users/iyakavets/Documents/obsidian/viprorok/EHS Wiki/PDFs/WorkingElevatedHeights20160318.pdf
Eyewash-and-Shower-Needs-Assessment-Flowchart.pdf,http://ehs.utoronto.ca/wp-content/uploads/2016/02/Eyewash-and-Shower-Needs-Assessment-Flowchart.pdf,/Users/iyakavets/Documents/obsidian/viprorok/EHS Wiki/PDFs/Eyewash-and-Shower-Needs-Assessment-Flowchart.pdf
Preventing-Mould-in-Cold-Rooms.pdf,http://ehs.utoronto.ca/wp-content/uploads/2016/02/Preventing-Mould-in-Cold-Rooms.pdf,/Users/iyakavets/Documents/obsidian/viprorok/EHS Wiki/PDFs/Preventing-Mould-in-Cold-Rooms.pdf
Laboratory-PPE-Assessment-Tool.pd-Updated.pdf,http://ehs.utoronto.ca/wp-content/uploads/2016/06/Laboratory-PPE-Assessment-Tool.pd-Updated.pdf,/Users/iyakavets/Documents/obsidian/viprorok/EHS Wiki/PDFs/Laboratory-PPE-Assessment-Tool.pd-Updated.pdf
Protective-Footwear-Standard.pdf,http://ehs.utoronto.ca/wp-content/uploads/2016/06/Protective-Footwear-Standard.pdf,/Users/iyakavets/Documents/obsidian/viprorok/EHS Wiki/PDFs/Protective-Footwear-Standard.pdf
Youth-in-Labs-Guidelines.pd-Updated.pdf,http://ehs.utoronto.ca/wp-content/uploads/2016/06/Youth-in-Labs-Guidelines.pd-Updated.pdf,/Users/iyakavets/Documents/obsidian/viprorok/EHS Wiki/PDFs/Youth-in-Labs-Guidelines.pd-Updated.pdf
AppB-F_ConfinedSpaceSOPs-20161102.pdf,http://ehs.utoronto.ca/wp-content/uploads/2016/10/AppB-F_ConfinedSpaceSOPs-20161102.pdf,/Users/iyakavets/Documents/obsidian/viprorok/EHS Wiki/PDFs/AppB-F_ConfinedSpaceSOPs-20161102.pdf
Bed-Bug-Procedure-Updated.doc.pdf,http://ehs.utoronto.ca/wp-content/uploads/2016/12/Bed-Bug-Procedure-Updated.doc.pdf,/Users/iyakavets/Documents/obsidian/viprorok/EHS Wiki/PDFs/Bed-Bug-Procedure-Updated.doc.pdf
Fume-Hoods-05-User-Guidelines-Updated.pdf,http://ehs.utoronto.ca/wp-content/uploads/2016/12/Fume-Hoods-05-User-Guidelines-Updated.pdf,/Users/iyakavets/Documents/obsidian/viprorok/EHS Wiki/PDFs/Fume-Hoods-05-User-Guidelines-Updated.pdf
Chemical-Storage-Table-Updated.pdf,http://ehs.utoronto.ca/wp-content/uploads/2017/01/Chemical-Storage-Table-Updated.pdf,/Users/iyakavets/Documents/obsidian/viprorok/EHS Wiki/PDFs/Chemical-Storage-Table-Updated.pdf
Cleanup-of-Laboratory-Surfaces-Contaminated-with-Ethidium-Bromide-Updated.pdf,http://ehs.utoronto.ca/wp-content/uploads/2017/01/Cleanup-of-Laboratory-Surfaces-Contaminated-with-Ethidium-Bromide-Updated.pdf,/Users/iyakavets/Documents/obsidian/viprorok/EHS Wiki/PDFs/Cleanup-of-Laboratory-Surfaces-Contaminated-with-Ethidium-Bromide-Updated.pdf
First-Aid-Program.pdf,http://ehs.utoronto.ca/wp-content/uploads/2017/01/First-Aid-Program.pdf,/Users/iyakavets/Documents/obsidian/viprorok/EHS Wiki/PDFs/First-Aid-Program.pdf
Handling-and-using-Piranha-Solution-Updated.pdf,http://ehs.utoronto.ca/wp-content/uploads/2017/01/Handling-and-using-Piranha-Solution-Updated.pdf,/Users/iyakavets/Documents/obsidian/viprorok/EHS Wiki/PDFs/Handling-and-using-Piranha-Solution-Updated.pdf
Phenyl-Hydrazine-and-Phenyl-Hydrazine-Hydrochloride-procedure-for-use-Updated.pdf,http://ehs.utoronto.ca/wp-content/uploads/2017/01/Phenyl-Hydrazine-and-Phenyl-Hydrazine-Hydrochloride-procedure-for-use-Updated.pdf,/Users/iyakavets/Documents/obsidian/viprorok/EHS Wiki/PDFs/Phenyl-Hydrazine-and-Phenyl-Hydrazine-Hydrochloride-procedure-for-use-Updated.pdf
Semicarbazide-procedure-for-use-Updated.pdf,http://ehs.utoronto.ca/wp-content/uploads/2017/01/Semicarbazide-procedure-for-use-Updated.pdf,/Users/iyakavets/Documents/obsidian/viprorok/EHS Wiki/PDFs/Semicarbazide-procedure-for-use-Updated.pdf
Temozolomide-procedure-for-use-Updated.pdf,http://ehs.utoronto.ca/wp-content/uploads/2017/01/Temozolomide-procedure-for-use-Updated.pdf,/Users/iyakavets/Documents/obsidian/viprorok/EHS Wiki/PDFs/Temozolomide-procedure-for-use-Updated.pdf
Lab-Coat-Guidelines.pdf,http://ehs.utoronto.ca/wp-content/uploads/2017/04/Lab-Coat-Guidelines.pdf,/Users/iyakavets/Documents/obsidian/viprorok/EHS Wiki/PDFs/Lab-Coat-Guidelines.pdf
Respiratory-Protection-Program.pdf,http://ehs.utoronto.ca/wp-content/uploads/2017/05/Respiratory-Protection-Program.pdf,/Users/iyakavets/Documents/obsidian/viprorok/EHS Wiki/PDFs/Respiratory-Protection-Program.pdf
Fume-Hoods-03-Design-Standard_November-2018.pdf,http://ehs.utoronto.ca/wp-content/uploads/2018/12/Fume-Hoods-03-Design-Standard_November-2018.pdf,/Users/iyakavets/Documents/obsidian/viprorok/EHS Wiki/PDFs/Fume-Hoods-03-Design-Standard_November-2018.pdf
Soldering-Guidelines-20181206.pdf,http://ehs.utoronto.ca/wp-content/uploads/2018/12/Soldering-Guidelines-20181206.pdf,/Users/iyakavets/Documents/obsidian/viprorok/EHS Wiki/PDFs/Soldering-Guidelines-20181206.pdf
Welding-Guidelines-20180225.pdf,http://ehs.utoronto.ca/wp-content/uploads/2019/02/Welding-Guidelines-20180225.pdf,/Users/iyakavets/Documents/obsidian/viprorok/EHS Wiki/PDFs/Welding-Guidelines-20180225.pdf
Supervisor-Due-Diligence-checklist-20190725-FINAL.pdf,http://ehs.utoronto.ca/wp-content/uploads/2019/07/Supervisor-Due-Diligence-checklist-20190725-FINAL.pdf,/Users/iyakavets/Documents/obsidian/viprorok/EHS Wiki/PDFs/Supervisor-Due-Diligence-checklist-20190725-FINAL.pdf
Supervisor-Toolkit-20190729-FINAL.pdf,http://ehs.utoronto.ca/wp-content/uploads/2019/07/Supervisor-Toolkit-20190729-FINAL.pdf,/Users/iyakavets/Documents/obsidian/viprorok/EHS Wiki/PDFs/Supervisor-Toolkit-20190729-FINAL.pdf
Guidelines-for-the-use-of-Carcinogens-and-Teratogens-in-Small-Quantities-February-2020.pdf,http://ehs.utoronto.ca/wp-content/uploads/2020/02/Guidelines-for-the-use-of-Carcinogens-and-Teratogens-in-Small-Quantities-February-2020.pdf,/Users/iyakavets/Documents/obsidian/viprorok/EHS Wiki/PDFs/Guidelines-for-the-use-of-Carcinogens-and-Teratogens-in-Small-Quantities-February-2020.pdf
Hot_ColdExpMedSurveillanceSurveyFinal2020.pdf,http://ehs.utoronto.ca/wp-content/uploads/2020/02/Hot_ColdExpMedSurveillanceSurveyFinal2020.pdf,/Users/iyakavets/Documents/obsidian/viprorok/EHS Wiki/PDFs/Hot_ColdExpMedSurveillanceSurveyFinal2020.pdf
Guidelines-on-Working-With-Nanomaterials-Feb-2020.pdf,http://ehs.utoronto.ca/wp-content/uploads/2020/03/Guidelines-on-Working-With-Nanomaterials-Feb-2020.pdf,/Users/iyakavets/Documents/obsidian/viprorok/EHS Wiki/PDFs/Guidelines-on-Working-With-Nanomaterials-Feb-2020.pdf
Bucket-List-Poster.pdf,http://ehs.utoronto.ca/wp-content/uploads/2021/06/Bucket-List-Poster.pdf,/Users/iyakavets/Documents/obsidian/viprorok/EHS Wiki/PDFs/Bucket-List-Poster.pdf
Noise-at-Work-Understanding-the-Difference-Between-Hazardous-and-Nuisance-Noise.pdf,http://ehs.utoronto.ca/wp-content/uploads/2022/06/Noise-at-Work-Understanding-the-Difference-Between-Hazardous-and-Nuisance-Noise.pdf,/Users/iyakavets/Documents/obsidian/viprorok/EHS Wiki/PDFs/Noise-at-Work-Understanding-the-Difference-Between-Hazardous-and-Nuisance-Noise.pdf
Non-Service-Animals-on-Campus-Guideline.pdf,http://ehs.utoronto.ca/wp-content/uploads/2022/08/Non-Service-Animals-on-Campus-Guideline.pdf,/Users/iyakavets/Documents/obsidian/viprorok/EHS Wiki/PDFs/Non-Service-Animals-on-Campus-Guideline.pdf
Pest-Bed-Bug-InfoGuide-PropertyManagement-2019-ENG.pdf,http://ehs.utoronto.ca/wp-content/uploads/2022/10/Pest-Bed-Bug-InfoGuide-PropertyManagement-2019-ENG.pdf,/Users/iyakavets/Documents/obsidian/viprorok/EHS Wiki/PDFs/Pest-Bed-Bug-InfoGuide-PropertyManagement-2019-ENG.pdf
Pest-Bed-Bugs-InfoSheet-101PropertyManagers-2014-ENG.pdf,http://ehs.utoronto.ca/wp-content/uploads/2022/10/Pest-Bed-Bugs-InfoSheet-101PropertyManagers-2014-ENG.pdf,/Users/iyakavets/Documents/obsidian/viprorok/EHS Wiki/PDFs/Pest-Bed-Bugs-InfoSheet-101PropertyManagers-2014-ENG.pdf
Pest-Bed-Bugs-InfoSheet-OfficeTenantTips-ENG.pdf,http://ehs.utoronto.ca/wp-content/uploads/2022/10/Pest-Bed-Bugs-InfoSheet-OfficeTenantTips-ENG.pdf,/Users/iyakavets/Documents/obsidian/viprorok/EHS Wiki/PDFs/Pest-Bed-Bugs-InfoSheet-OfficeTenantTips-ENG.pdf
Pest-Bed-Bugs-Infographic-DoNotLetBedBugsBite-ENG.pdf,http://ehs.utoronto.ca/wp-content/uploads/2022/10/Pest-Bed-Bugs-Infographic-DoNotLetBedBugsBite-ENG.pdf,/Users/iyakavets/Documents/obsidian/viprorok/EHS Wiki/PDFs/Pest-Bed-Bugs-Infographic-DoNotLetBedBugsBite-ENG.pdf
University-of-Toronto-Electrical-Safety-Program.pdf,http://ehs.utoronto.ca/wp-content/uploads/2023/01/University-of-Toronto-Electrical-Safety-Program.pdf,/Users/iyakavets/Documents/obsidian/viprorok/EHS Wiki/PDFs/University-of-Toronto-Electrical-Safety-Program.pdf
Generic-Lab-Emergency-Contact-List_Fillable-PDF.pdf,http://ehs.utoronto.ca/wp-content/uploads/2023/03/Generic-Lab-Emergency-Contact-List_Fillable-PDF.pdf,/Users/iyakavets/Documents/obsidian/viprorok/EHS Wiki/PDFs/Generic-Lab-Emergency-Contact-List_Fillable-PDF.pdf
HighHazardChemicalPermitRegistrationForm.pdf,http://ehs.utoronto.ca/wp-content/uploads/2023/03/HighHazardChemicalPermitRegistrationForm.pdf,/Users/iyakavets/Documents/obsidian/viprorok/EHS Wiki/PDFs/HighHazardChemicalPermitRegistrationForm.pdf
Appendix-A_University-of-Toronto-Firearms-in-Research-Guidelines.pdf,http://ehs.utoronto.ca/wp-content/uploads/2023/07/Appendix-A_University-of-Toronto-Firearms-in-Research-Guidelines.pdf,/Users/iyakavets/Documents/obsidian/viprorok/EHS Wiki/PDFs/Appendix-A_University-of-Toronto-Firearms-in-Research-Guidelines.pdf
Lighting-Ergonomics-Guideline-2023-Final.pdf,http://ehs.utoronto.ca/wp-content/uploads/2023/07/Lighting-Ergonomics-Guideline-2023-Final.pdf,/Users/iyakavets/Documents/obsidian/viprorok/EHS Wiki/PDFs/Lighting-Ergonomics-Guideline-2023-Final.pdf
University-of-Toronto-Firearms-in-Research-Guidelines.pdf,http://ehs.utoronto.ca/wp-content/uploads/2023/07/University-of-Toronto-Firearms-in-Research-Guidelines.pdf,/Users/iyakavets/Documents/obsidian/viprorok/EHS Wiki/PDFs/University-of-Toronto-Firearms-in-Research-Guidelines.pdf
Electrical-Equipment-Guidance.pdf,http://ehs.utoronto.ca/wp-content/uploads/2023/08/Electrical-Equipment-Guidance.pdf,/Users/iyakavets/Documents/obsidian/viprorok/EHS Wiki/PDFs/Electrical-Equipment-Guidance.pdf
Kitchen-Knife-Safety-Aug-2023.pdf,http://ehs.utoronto.ca/wp-content/uploads/2023/08/Kitchen-Knife-Safety-Aug-2023.pdf,/Users/iyakavets/Documents/obsidian/viprorok/EHS Wiki/PDFs/Kitchen-Knife-Safety-Aug-2023.pdf
Kitchen-Safety-Guidelines-December-2019.pdf,http://ehs.utoronto.ca/wp-content/uploads/2023/08/Kitchen-Safety-Guidelines-December-2019.pdf,/Users/iyakavets/Documents/obsidian/viprorok/EHS Wiki/PDFs/Kitchen-Safety-Guidelines-December-2019.pdf
PreventingSlipsTripsFallKitchens_Poster_2023Aug17.pdf,http://ehs.utoronto.ca/wp-content/uploads/2023/08/PreventingSlipsTripsFallKitchens_Poster_2023Aug17.pdf,/Users/iyakavets/Documents/obsidian/viprorok/EHS Wiki/PDFs/PreventingSlipsTripsFallKitchens_Poster_2023Aug17.pdf
EHSConsiderations_Makerspace.pdf,http://ehs.utoronto.ca/wp-content/uploads/2025/04/EHSConsiderations_Makerspace.pdf,/Users/iyakavets/Documents/obsidian/viprorok/EHS Wiki/PDFs/EHSConsiderations_Makerspace.pdf
Guidelines-on-University-Built-Equipment-March-2025-Ver-1.3.pdf,http://ehs.utoronto.ca/wp-content/uploads/2025/06/Guidelines-on-University-Built-Equipment-March-2025-Ver-1.3.pdf,/Users/iyakavets/Documents/obsidian/viprorok/EHS Wiki/PDFs/Guidelines-on-University-Built-Equipment-March-2025-Ver-1.3.pdf
HSconsiderationsMultiFaithRooms.pdf,http://ehs.utoronto.ca/wp-content/uploads/2026/01/HSconsiderationsMultiFaithRooms.pdf,/Users/iyakavets/Documents/obsidian/viprorok/EHS Wiki/PDFs/HSconsiderationsMultiFaithRooms.pdf
Guidelines-on-Unattended-Autonomous-Experiments-in-the-Laboratory.pdf,http://ehs.utoronto.ca/wp-content/uploads/2026/04/Guidelines-on-Unattended-Autonomous-Experiments-in-the-Laboratory.pdf,/Users/iyakavets/Documents/obsidian/viprorok/EHS Wiki/PDFs/Guidelines-on-Unattended-Autonomous-Experiments-in-the-Laboratory.pdf
WorkingElevatedHeights20160318.pdf,https://ehs.utoronto.ca/wp-content/uploads/2015/10/WorkingElevatedHeights20160318.pdf,/Users/iyakavets/Documents/obsidian/viprorok/EHS Wiki/PDFs/WorkingElevatedHeights20160318.pdf
Fume-Hoods-03-Design-Standard_November-2018.pdf,https://ehs.utoronto.ca/wp-content/uploads/2018/12/Fume-Hoods-03-Design-Standard_November-2018.pdf,/Users/iyakavets/Documents/obsidian/viprorok/EHS Wiki/PDFs/Fume-Hoods-03-Design-Standard_November-2018.pdf
Working-Alone-Guidelines.pdf,https://ehs.utoronto.ca/wp-content/uploads/2020/03/Working-Alone-Guidelines.pdf,/Users/iyakavets/Documents/obsidian/viprorok/EHS Wiki/PDFs/Working-Alone-Guidelines.pdf
Laboratory-PI-inspection-checklist-ver-1.02.pdf,https://ehs.utoronto.ca/wp-content/uploads/2021/01/Laboratory-PI-inspection-checklist-ver-1.02.pdf,/Users/iyakavets/Documents/obsidian/viprorok/EHS Wiki/PDFs/Laboratory-PI-inspection-checklist-ver-1.02.pdf
UofTStudentPlacementChecklist.pdf,https://ehs.utoronto.ca/wp-content/uploads/2024/11/UofTStudentPlacementChecklist.pdf,/Users/iyakavets/Documents/obsidian/viprorok/EHS Wiki/PDFs/UofTStudentPlacementChecklist.pdf
Laboratory-Guidelines-for-Youth-Outreach-Programs-April-2025.pdf,https://ehs.utoronto.ca/wp-content/uploads/2025/05/Laboratory-Guidelines-for-Youth-Outreach-Programs-April-2025.pdf,/Users/iyakavets/Documents/obsidian/viprorok/EHS Wiki/PDFs/Laboratory-Guidelines-for-Youth-Outreach-Programs-April-2025.pdf
Workplace-Violence-Prevention-Program-2024.pdf,https://people.utoronto.ca/wp-content/uploads/2025/04/Workplace-Violence-Prevention-Program-2024.pdf,/Users/iyakavets/Documents/obsidian/viprorok/EHS Wiki/PDFs/Workplace-Violence-Prevention-Program-2024.pdf
heat-stress-deadly-poster.pdf,https://www.ohcow.on.ca/wp-content/uploads/2024/02/heat-stress-deadly-poster.pdf,/Users/iyakavets/Documents/obsidian/viprorok/EHS Wiki/PDFs/heat-stress-deadly-poster.pdf
