pdf_file,pdf_path,markdown_path,status,error
2020-X-ray-User-Authorized-List.pdf,/Users/iyakavets/Documents/obsidian/viprorok/EHS Wiki/PDFs/2020-X-ray-User-Authorized-List.pdf,/Users/iyakavets/Documents/obsidian/viprorok/EHS Wiki/PDF Notes/PDF - 2020-X-ray-User-Authorized-List.md,converted,
3M-1804-1804S-Instructions.pdf,/Users/iyakavets/Documents/obsidian/viprorok/EHS Wiki/PDFs/3M-1804-1804S-Instructions.pdf,/Users/iyakavets/Documents/obsidian/viprorok/EHS Wiki/PDF Notes/PDF - 3M-1804-1804S-Instructions.md,converted,
3M-1860-1860S-Instructions.pdf,/Users/iyakavets/Documents/obsidian/viprorok/EHS Wiki/PDFs/3M-1860-1860S-Instructions.pdf,/Users/iyakavets/Documents/obsidian/viprorok/EHS Wiki/PDF Notes/PDF - 3M-1860-1860S-Instructions.md,converted,
3M-8210_8110S-User-Instructions.pdf,/Users/iyakavets/Documents/obsidian/viprorok/EHS Wiki/PDFs/3M-8210_8110S-User-Instructions.pdf,/Users/iyakavets/Documents/obsidian/viprorok/EHS Wiki/PDF Notes/PDF - 3M-8210_8110S-User-Instructions.md,converted,
3M-8511-instructions.pdf,/Users/iyakavets/Documents/obsidian/viprorok/EHS Wiki/PDFs/3M-8511-instructions.pdf,/Users/iyakavets/Documents/obsidian/viprorok/EHS Wiki/PDF Notes/PDF - 3M-8511-instructions.md,converted,
3M-9105-9105S-instructions.pdf,/Users/iyakavets/Documents/obsidian/viprorok/EHS Wiki/PDFs/3M-9105-9105S-instructions.pdf,/Users/iyakavets/Documents/obsidian/viprorok/EHS Wiki/PDF Notes/PDF - 3M-9105-9105S-instructions.md,converted,
3M-Aura-1870-Instructions.pdf,/Users/iyakavets/Documents/obsidian/viprorok/EHS Wiki/PDFs/3M-Aura-1870-Instructions.pdf,/Users/iyakavets/Documents/obsidian/viprorok/EHS Wiki/PDF Notes/PDF - 3M-Aura-1870-Instructions.md,converted,
3M-aura-9210-instructions.pdf,/Users/iyakavets/Documents/obsidian/viprorok/EHS Wiki/PDFs/3M-aura-9210-instructions.pdf,/Users/iyakavets/Documents/obsidian/viprorok/EHS Wiki/PDF Notes/PDF - 3M-aura-9210-instructions.md,converted,
3M-Full-Face-Respirator-Instructions.pdf,/Users/iyakavets/Documents/obsidian/viprorok/EHS Wiki/PDFs/3M-Full-Face-Respirator-Instructions.pdf,/Users/iyakavets/Documents/obsidian/viprorok/EHS Wiki/PDF Notes/PDF - 3M-Full-Face-Respirator-Instructions.md,converted,
3M-half-facepiece-instructions.pdf,/Users/iyakavets/Documents/obsidian/viprorok/EHS Wiki/PDFs/3M-half-facepiece-instructions.pdf,/Users/iyakavets/Documents/obsidian/viprorok/EHS Wiki/PDF Notes/PDF - 3M-half-facepiece-instructions.md,converted,
3M_Selection-Guide.pdf,/Users/iyakavets/Documents/obsidian/viprorok/EHS Wiki/PDFs/3M_Selection-Guide.pdf,/Users/iyakavets/Documents/obsidian/viprorok/EHS Wiki/PDF Notes/PDF - 3M_Selection-Guide.md,converted,
AAC-membership-Nov-2021-for-website.pdf,/Users/iyakavets/Documents/obsidian/viprorok/EHS Wiki/PDFs/AAC-membership-Nov-2021-for-website.pdf,/Users/iyakavets/Documents/obsidian/viprorok/EHS Wiki/PDF Notes/PDF - AAC-membership-Nov-2021-for-website.md,converted,
AppA_CSDecisionTree20170707.pdf,/Users/iyakavets/Documents/obsidian/viprorok/EHS Wiki/PDFs/AppA_CSDecisionTree20170707.pdf,/Users/iyakavets/Documents/obsidian/viprorok/EHS Wiki/PDF Notes/PDF - AppA_CSDecisionTree20170707.md,converted,
AppB-F_ConfinedSpaceSOPs-20161102.pdf,/Users/iyakavets/Documents/obsidian/viprorok/EHS Wiki/PDFs/AppB-F_ConfinedSpaceSOPs-20161102.pdf,/Users/iyakavets/Documents/obsidian/viprorok/EHS Wiki/PDF Notes/PDF - AppB-F_ConfinedSpaceSOPs-20161102.md,converted,
Appendix-A_University-of-Toronto-Firearms-in-Research-Guidelines.pdf,/Users/iyakavets/Documents/obsidian/viprorok/EHS Wiki/PDFs/Appendix-A_University-of-Toronto-Firearms-in-Research-Guidelines.pdf,/Users/iyakavets/Documents/obsidian/viprorok/EHS Wiki/PDF Notes/PDF - Appendix-A_University-of-Toronto-Firearms-in-Research-Guidelines.md,converted,
Appendix-IV-Required-Info-Waste-Info.pdf,/Users/iyakavets/Documents/obsidian/viprorok/EHS Wiki/PDFs/Appendix-IV-Required-Info-Waste-Info.pdf,/Users/iyakavets/Documents/obsidian/viprorok/EHS Wiki/PDF Notes/PDF - Appendix-IV-Required-Info-Waste-Info.md,converted,
AppG-J-ConfinedSpace-Forms20170821.pdf,/Users/iyakavets/Documents/obsidian/viprorok/EHS Wiki/PDFs/AppG-J-ConfinedSpace-Forms20170821.pdf,/Users/iyakavets/Documents/obsidian/viprorok/EHS Wiki/PDF Notes/PDF - AppG-J-ConfinedSpace-Forms20170821.md,converted,
Asbestos-Awareness-Guide-June-2016.pdf,/Users/iyakavets/Documents/obsidian/viprorok/EHS Wiki/PDFs/Asbestos-Awareness-Guide-June-2016.pdf,/Users/iyakavets/Documents/obsidian/viprorok/EHS Wiki/PDF Notes/PDF - Asbestos-Awareness-Guide-June-2016.md,converted,
Asbestos-Management-Policy.pdf,/Users/iyakavets/Documents/obsidian/viprorok/EHS Wiki/PDFs/Asbestos-Management-Policy.pdf,/Users/iyakavets/Documents/obsidian/viprorok/EHS Wiki/PDF Notes/PDF - Asbestos-Management-Policy.md,converted,
asbestos-poster.pdf,/Users/iyakavets/Documents/obsidian/viprorok/EHS Wiki/PDFs/asbestos-poster.pdf,/Users/iyakavets/Documents/obsidian/viprorok/EHS Wiki/PDF Notes/PDF - asbestos-poster.md,converted,
Asbestos-Respiratory-Protection-Summary.pdf,/Users/iyakavets/Documents/obsidian/viprorok/EHS Wiki/PDFs/Asbestos-Respiratory-Protection-Summary.pdf,/Users/iyakavets/Documents/obsidian/viprorok/EHS Wiki/PDF Notes/PDF - Asbestos-Respiratory-Protection-Summary.md,converted,
Asbestos_Bulk_Sampling_Requirements.pdf,/Users/iyakavets/Documents/obsidian/viprorok/EHS Wiki/PDFs/Asbestos_Bulk_Sampling_Requirements.pdf,/Users/iyakavets/Documents/obsidian/viprorok/EHS Wiki/PDF Notes/PDF - Asbestos_Bulk_Sampling_Requirements.md,converted,
AsbestosManagementProgram20190409.pdf,/Users/iyakavets/Documents/obsidian/viprorok/EHS Wiki/PDFs/AsbestosManagementProgram20190409.pdf,/Users/iyakavets/Documents/obsidian/viprorok/EHS Wiki/PDF Notes/PDF - AsbestosManagementProgram20190409.md,converted,
Assessment-for-Dual-Use-Subform-Level-1-2.pdf,/Users/iyakavets/Documents/obsidian/viprorok/EHS Wiki/PDFs/Assessment-for-Dual-Use-Subform-Level-1-2.pdf,/Users/iyakavets/Documents/obsidian/viprorok/EHS Wiki/PDF Notes/PDF - Assessment-for-Dual-Use-Subform-Level-1-2.md,converted,
Autoclave-SOP.pdf,/Users/iyakavets/Documents/obsidian/viprorok/EHS Wiki/PDFs/Autoclave-SOP.pdf,/Users/iyakavets/Documents/obsidian/viprorok/EHS Wiki/PDF Notes/PDF - Autoclave-SOP.md,converted,
Avoid-Contaminating-the-Building.pdf,/Users/iyakavets/Documents/obsidian/viprorok/EHS Wiki/PDFs/Avoid-Contaminating-the-Building.pdf,/Users/iyakavets/Documents/obsidian/viprorok/EHS Wiki/PDF Notes/PDF - Avoid-Contaminating-the-Building.md,converted,
Baking-and-Cooking.pdf,/Users/iyakavets/Documents/obsidian/viprorok/EHS Wiki/PDFs/Baking-and-Cooking.pdf,/Users/iyakavets/Documents/obsidian/viprorok/EHS Wiki/PDF Notes/PDF - Baking-and-Cooking.md,converted,
Bed-Bug-Procedure-Updated.doc.pdf,/Users/iyakavets/Documents/obsidian/viprorok/EHS Wiki/PDFs/Bed-Bug-Procedure-Updated.doc.pdf,/Users/iyakavets/Documents/obsidian/viprorok/EHS Wiki/PDF Notes/PDF - Bed-Bug-Procedure-Updated.doc.md,converted,
Board-of-Laser-Safety.pdf,/Users/iyakavets/Documents/obsidian/viprorok/EHS Wiki/PDFs/Board-of-Laser-Safety.pdf,/Users/iyakavets/Documents/obsidian/viprorok/EHS Wiki/PDF Notes/PDF - Board-of-Laser-Safety.md,converted,
BSC-Failure-or-Alarm-Poster.pdf,/Users/iyakavets/Documents/obsidian/viprorok/EHS Wiki/PDFs/BSC-Failure-or-Alarm-Poster.pdf,/Users/iyakavets/Documents/obsidian/viprorok/EHS Wiki/PDF Notes/PDF - BSC-Failure-or-Alarm-Poster.md,converted,
Bucket-List-Poster.pdf,/Users/iyakavets/Documents/obsidian/viprorok/EHS Wiki/PDFs/Bucket-List-Poster.pdf,/Users/iyakavets/Documents/obsidian/viprorok/EHS Wiki/PDF Notes/PDF - Bucket-List-Poster.md,converted,
Chemical-Storage-Flowchart.pdf,/Users/iyakavets/Documents/obsidian/viprorok/EHS Wiki/PDFs/Chemical-Storage-Flowchart.pdf,/Users/iyakavets/Documents/obsidian/viprorok/EHS Wiki/PDF Notes/PDF - Chemical-Storage-Flowchart.md,converted,
Chemical-Storage-Table-Updated.pdf,/Users/iyakavets/Documents/obsidian/viprorok/EHS Wiki/PDFs/Chemical-Storage-Table-Updated.pdf,/Users/iyakavets/Documents/obsidian/viprorok/EHS Wiki/PDF Notes/PDF - Chemical-Storage-Table-Updated.md,converted,
Chemical-transport-secondary-containment.pdf,/Users/iyakavets/Documents/obsidian/viprorok/EHS Wiki/PDFs/Chemical-transport-secondary-containment.pdf,/Users/iyakavets/Documents/obsidian/viprorok/EHS Wiki/PDF Notes/PDF - Chemical-transport-secondary-containment.md,converted,
Cleaning-Bird-and-Animal-Urine-Feces-and-Nesting-Areas.pdf,/Users/iyakavets/Documents/obsidian/viprorok/EHS Wiki/PDFs/Cleaning-Bird-and-Animal-Urine-Feces-and-Nesting-Areas.pdf,/Users/iyakavets/Documents/obsidian/viprorok/EHS Wiki/PDF Notes/PDF - Cleaning-Bird-and-Animal-Urine-Feces-and-Nesting-Areas.md,converted,
Cleanup-of-Laboratory-Surfaces-Contaminated-with-Ethidium-Bromide-Updated.pdf,/Users/iyakavets/Documents/obsidian/viprorok/EHS Wiki/PDFs/Cleanup-of-Laboratory-Surfaces-Contaminated-with-Ethidium-Bromide-Updated.pdf,/Users/iyakavets/Documents/obsidian/viprorok/EHS Wiki/PDF Notes/PDF - Cleanup-of-Laboratory-Surfaces-Contaminated-with-Ethidium-Bromide-Updated.md,converted,
Cold-Stress.pdf,/Users/iyakavets/Documents/obsidian/viprorok/EHS Wiki/PDFs/Cold-Stress.pdf,/Users/iyakavets/Documents/obsidian/viprorok/EHS Wiki/PDF Notes/PDF - Cold-Stress.md,converted,
Compressed-gas-safety-standard-November-2021.pdf,/Users/iyakavets/Documents/obsidian/viprorok/EHS Wiki/PDFs/Compressed-gas-safety-standard-November-2021.pdf,/Users/iyakavets/Documents/obsidian/viprorok/EHS Wiki/PDF Notes/PDF - Compressed-gas-safety-standard-November-2021.md,converted,
confinedspaceprogram-20170707.pdf,/Users/iyakavets/Documents/obsidian/viprorok/EHS Wiki/PDFs/confinedspaceprogram-20170707.pdf,/Users/iyakavets/Documents/obsidian/viprorok/EHS Wiki/PDF Notes/PDF - confinedspaceprogram-20170707.md,converted,
contamination-survey-Updated.pdf,/Users/iyakavets/Documents/obsidian/viprorok/EHS Wiki/PDFs/contamination-survey-Updated.pdf,/Users/iyakavets/Documents/obsidian/viprorok/EHS Wiki/PDF Notes/PDF - contamination-survey-Updated.md,converted,
Control-Program-for-Liquid-Cryogenic-Transfer-Facilities.pdf,/Users/iyakavets/Documents/obsidian/viprorok/EHS Wiki/PDFs/Control-Program-for-Liquid-Cryogenic-Transfer-Facilities.pdf,/Users/iyakavets/Documents/obsidian/viprorok/EHS Wiki/PDF Notes/PDF - Control-Program-for-Liquid-Cryogenic-Transfer-Facilities.md,converted,
Crystalline-Silica-Procedures-September-2016.pdf,/Users/iyakavets/Documents/obsidian/viprorok/EHS Wiki/PDFs/Crystalline-Silica-Procedures-September-2016.pdf,/Users/iyakavets/Documents/obsidian/viprorok/EHS Wiki/PDF Notes/PDF - Crystalline-Silica-Procedures-September-2016.md,converted,
Decommissioning-form-for-Biological-agents.pdf,/Users/iyakavets/Documents/obsidian/viprorok/EHS Wiki/PDFs/Decommissioning-form-for-Biological-agents.pdf,/Users/iyakavets/Documents/obsidian/viprorok/EHS Wiki/PDF Notes/PDF - Decommissioning-form-for-Biological-agents.md,converted,
Do-not-Eat-the-Chemicals-You-Work-With.pdf,/Users/iyakavets/Documents/obsidian/viprorok/EHS Wiki/PDFs/Do-not-Eat-the-Chemicals-You-Work-With.pdf,/Users/iyakavets/Documents/obsidian/viprorok/EHS Wiki/PDF Notes/PDF - Do-not-Eat-the-Chemicals-You-Work-With.md,converted,
Dont-Be-On-The-Wrong-Side-Of-Safety-Poster.pdf,/Users/iyakavets/Documents/obsidian/viprorok/EHS Wiki/PDFs/Dont-Be-On-The-Wrong-Side-Of-Safety-Poster.pdf,/Users/iyakavets/Documents/obsidian/viprorok/EHS Wiki/PDF Notes/PDF - Dont-Be-On-The-Wrong-Side-Of-Safety-Poster.md,converted,
Dosimeter-Application-Form-Jan-2025.pdf,/Users/iyakavets/Documents/obsidian/viprorok/EHS Wiki/PDFs/Dosimeter-Application-Form-Jan-2025.pdf,/Users/iyakavets/Documents/obsidian/viprorok/EHS Wiki/PDF Notes/PDF - Dosimeter-Application-Form-Jan-2025.md,converted,
Doxorubicin.pdf,/Users/iyakavets/Documents/obsidian/viprorok/EHS Wiki/PDFs/Doxorubicin.pdf,/Users/iyakavets/Documents/obsidian/viprorok/EHS Wiki/PDF Notes/PDF - Doxorubicin.md,converted,
Dress-for-the-Occasion-Poster.pdf,/Users/iyakavets/Documents/obsidian/viprorok/EHS Wiki/PDFs/Dress-for-the-Occasion-Poster.pdf,/Users/iyakavets/Documents/obsidian/viprorok/EHS Wiki/PDF Notes/PDF - Dress-for-the-Occasion-Poster.md,converted,
EHS-EPS-Emergency-Contacts-St.-George-Campus-1.pdf,/Users/iyakavets/Documents/obsidian/viprorok/EHS Wiki/PDFs/EHS-EPS-Emergency-Contacts-St.-George-Campus-1.pdf,/Users/iyakavets/Documents/obsidian/viprorok/EHS Wiki/PDF Notes/PDF - EHS-EPS-Emergency-Contacts-St.-George-Campus-1.md,converted,
EHS-Radon-Testing-Procedures_Nov-2025.pdf,/Users/iyakavets/Documents/obsidian/viprorok/EHS Wiki/PDFs/EHS-Radon-Testing-Procedures_Nov-2025.pdf,/Users/iyakavets/Documents/obsidian/viprorok/EHS Wiki/PDF Notes/PDF - EHS-Radon-Testing-Procedures_Nov-2025.md,converted,
EHS-Respirator-Fit-Testing-Procedures.pdf,/Users/iyakavets/Documents/obsidian/viprorok/EHS Wiki/PDFs/EHS-Respirator-Fit-Testing-Procedures.pdf,/Users/iyakavets/Documents/obsidian/viprorok/EHS Wiki/PDF Notes/PDF - EHS-Respirator-Fit-Testing-Procedures.md,converted,
EHS_LadderInspectionTag.pdf,/Users/iyakavets/Documents/obsidian/viprorok/EHS Wiki/PDFs/EHS_LadderInspectionTag.pdf,/Users/iyakavets/Documents/obsidian/viprorok/EHS Wiki/PDF Notes/PDF - EHS_LadderInspectionTag.md,converted,
EHSConsiderations_Makerspace.pdf,/Users/iyakavets/Documents/obsidian/viprorok/EHS Wiki/PDFs/EHSConsiderations_Makerspace.pdf,/Users/iyakavets/Documents/obsidian/viprorok/EHS Wiki/PDF Notes/PDF - EHSConsiderations_Makerspace.md,converted,
Electrical-Equipment-Guidance.pdf,/Users/iyakavets/Documents/obsidian/viprorok/EHS Wiki/PDFs/Electrical-Equipment-Guidance.pdf,/Users/iyakavets/Documents/obsidian/viprorok/EHS Wiki/PDF Notes/PDF - Electrical-Equipment-Guidance.md,converted,
Emergency-Eyewash-and-Shower-Std.pdf,/Users/iyakavets/Documents/obsidian/viprorok/EHS Wiki/PDFs/Emergency-Eyewash-and-Shower-Std.pdf,/Users/iyakavets/Documents/obsidian/viprorok/EHS Wiki/PDF Notes/PDF - Emergency-Eyewash-and-Shower-Std.md,converted,
EPS-Chemical-Waste-Label-June-2021.pdf,/Users/iyakavets/Documents/obsidian/viprorok/EHS Wiki/PDFs/EPS-Chemical-Waste-Label-June-2021.pdf,/Users/iyakavets/Documents/obsidian/viprorok/EHS Wiki/PDF Notes/PDF - EPS-Chemical-Waste-Label-June-2021.md,converted,
EPS-Handout.pdf,/Users/iyakavets/Documents/obsidian/viprorok/EHS Wiki/PDFs/EPS-Handout.pdf,/Users/iyakavets/Documents/obsidian/viprorok/EHS Wiki/PDF Notes/PDF - EPS-Handout.md,converted,
EPS-Spill-Handout.pdf,/Users/iyakavets/Documents/obsidian/viprorok/EHS Wiki/PDFs/EPS-Spill-Handout.pdf,/Users/iyakavets/Documents/obsidian/viprorok/EHS Wiki/PDF Notes/PDF - EPS-Spill-Handout.md,converted,
Equipment-Checklist.pdf,/Users/iyakavets/Documents/obsidian/viprorok/EHS Wiki/PDFs/Equipment-Checklist.pdf,/Users/iyakavets/Documents/obsidian/viprorok/EHS Wiki/PDF Notes/PDF - Equipment-Checklist.md,converted,
External-Contractors-Form.pdf,/Users/iyakavets/Documents/obsidian/viprorok/EHS Wiki/PDFs/External-Contractors-Form.pdf,/Users/iyakavets/Documents/obsidian/viprorok/EHS Wiki/PDF Notes/PDF - External-Contractors-Form.md,converted,
Eye-Protection-Standard.pdf,/Users/iyakavets/Documents/obsidian/viprorok/EHS Wiki/PDFs/Eye-Protection-Standard.pdf,/Users/iyakavets/Documents/obsidian/viprorok/EHS Wiki/PDF Notes/PDF - Eye-Protection-Standard.md,converted,
Eyewash-and-Shower-Needs-Assessment-Flowchart.pdf,/Users/iyakavets/Documents/obsidian/viprorok/EHS Wiki/PDFs/Eyewash-and-Shower-Needs-Assessment-Flowchart.pdf,/Users/iyakavets/Documents/obsidian/viprorok/EHS Wiki/PDF Notes/PDF - Eyewash-and-Shower-Needs-Assessment-Flowchart.md,converted,
FAChecklistCSAZ1220-17_May2022.pdf,/Users/iyakavets/Documents/obsidian/viprorok/EHS Wiki/PDFs/FAChecklistCSAZ1220-17_May2022.pdf,/Users/iyakavets/Documents/obsidian/viprorok/EHS Wiki/PDF Notes/PDF - FAChecklistCSAZ1220-17_May2022.md,converted,
First-Aid-Program.pdf,/Users/iyakavets/Documents/obsidian/viprorok/EHS Wiki/PDFs/First-Aid-Program.pdf,/Users/iyakavets/Documents/obsidian/viprorok/EHS Wiki/PDF Notes/PDF - First-Aid-Program.md,converted,
First-Aid-Treatment-Log.pdf,/Users/iyakavets/Documents/obsidian/viprorok/EHS Wiki/PDFs/First-Aid-Treatment-Log.pdf,/Users/iyakavets/Documents/obsidian/viprorok/EHS Wiki/PDF Notes/PDF - First-Aid-Treatment-Log.md,converted,
First-Aiders_guidance.pdf,/Users/iyakavets/Documents/obsidian/viprorok/EHS Wiki/PDFs/First-Aiders_guidance.pdf,/Users/iyakavets/Documents/obsidian/viprorok/EHS Wiki/PDF Notes/PDF - First-Aiders_guidance.md,converted,
First_Aid_Checklist_nov2016-Updated.pdf,/Users/iyakavets/Documents/obsidian/viprorok/EHS Wiki/PDFs/First_Aid_Checklist_nov2016-Updated.pdf,/Users/iyakavets/Documents/obsidian/viprorok/EHS Wiki/PDF Notes/PDF - First_Aid_Checklist_nov2016-Updated.md,converted,
FSMemoChangestoWorkspace.pdf,/Users/iyakavets/Documents/obsidian/viprorok/EHS Wiki/PDFs/FSMemoChangestoWorkspace.pdf,/Users/iyakavets/Documents/obsidian/viprorok/EHS Wiki/PDF Notes/PDF - FSMemoChangestoWorkspace.md,converted,
Fume-Hoods-03-Design-Standard_November-2018.pdf,/Users/iyakavets/Documents/obsidian/viprorok/EHS Wiki/PDFs/Fume-Hoods-03-Design-Standard_November-2018.pdf,/Users/iyakavets/Documents/obsidian/viprorok/EHS Wiki/PDF Notes/PDF - Fume-Hoods-03-Design-Standard_November-2018.md,converted,
Fume-Hoods-05-User-Guidelines-Updated.pdf,/Users/iyakavets/Documents/obsidian/viprorok/EHS Wiki/PDFs/Fume-Hoods-05-User-Guidelines-Updated.pdf,/Users/iyakavets/Documents/obsidian/viprorok/EHS Wiki/PDF Notes/PDF - Fume-Hoods-05-User-Guidelines-Updated.md,converted,
Generic-Lab-Emergency-Contact-List_Fillable-PDF.pdf,/Users/iyakavets/Documents/obsidian/viprorok/EHS Wiki/PDFs/Generic-Lab-Emergency-Contact-List_Fillable-PDF.pdf,/Users/iyakavets/Documents/obsidian/viprorok/EHS Wiki/PDF Notes/PDF - Generic-Lab-Emergency-Contact-List_Fillable-PDF.md,converted,
GroundsHandbook2017_20170105.pdf,/Users/iyakavets/Documents/obsidian/viprorok/EHS Wiki/PDFs/GroundsHandbook2017_20170105.pdf,/Users/iyakavets/Documents/obsidian/viprorok/EHS Wiki/PDF Notes/PDF - GroundsHandbook2017_20170105.md,converted,
Guidance-on-Communication-Systems-for-Summoning-Emergency-Response.pdf,/Users/iyakavets/Documents/obsidian/viprorok/EHS Wiki/PDFs/Guidance-on-Communication-Systems-for-Summoning-Emergency-Response.pdf,/Users/iyakavets/Documents/obsidian/viprorok/EHS Wiki/PDF Notes/PDF - Guidance-on-Communication-Systems-for-Summoning-Emergency-Response.md,converted,
Guide-for-Completing-the-Level-1-and-2-Biosafety-Permit.pdf,/Users/iyakavets/Documents/obsidian/viprorok/EHS Wiki/PDFs/Guide-for-Completing-the-Level-1-and-2-Biosafety-Permit.pdf,/Users/iyakavets/Documents/obsidian/viprorok/EHS Wiki/PDF Notes/PDF - Guide-for-Completing-the-Level-1-and-2-Biosafety-Permit.md,converted,
Guide-to-Filling-the-Level-1-and-2-Amendment-July-28.pdf,/Users/iyakavets/Documents/obsidian/viprorok/EHS Wiki/PDFs/Guide-to-Filling-the-Level-1-and-2-Amendment-July-28.pdf,/Users/iyakavets/Documents/obsidian/viprorok/EHS Wiki/PDF Notes/PDF - Guide-to-Filling-the-Level-1-and-2-Amendment-July-28.md,converted,
Guideline-Biosafety-Manual-and-Emergency-Response-Plan-for-Level-1-Permits.pdf,/Users/iyakavets/Documents/obsidian/viprorok/EHS Wiki/PDFs/Guideline-Biosafety-Manual-and-Emergency-Response-Plan-for-Level-1-Permits.pdf,/Users/iyakavets/Documents/obsidian/viprorok/EHS Wiki/PDF Notes/PDF - Guideline-Biosafety-Manual-and-Emergency-Response-Plan-for-Level-1-Permits.md,converted,
Guideline-Biosafety-Manual-and-Emergency-Response-Plan-for-Level-2-Permits-1.pdf,/Users/iyakavets/Documents/obsidian/viprorok/EHS Wiki/PDFs/Guideline-Biosafety-Manual-and-Emergency-Response-Plan-for-Level-2-Permits-1.pdf,/Users/iyakavets/Documents/obsidian/viprorok/EHS Wiki/PDF Notes/PDF - Guideline-Biosafety-Manual-and-Emergency-Response-Plan-for-Level-2-Permits-1.md,converted,
Guideline-Operational-Practices-Level-2-Biosafety-Permits.pdf,/Users/iyakavets/Documents/obsidian/viprorok/EHS Wiki/PDFs/Guideline-Operational-Practices-Level-2-Biosafety-Permits.pdf,/Users/iyakavets/Documents/obsidian/viprorok/EHS Wiki/PDF Notes/PDF - Guideline-Operational-Practices-Level-2-Biosafety-Permits.md,converted,
Guidelines-for-Laboratory-Closure-June-2016.pdf,/Users/iyakavets/Documents/obsidian/viprorok/EHS Wiki/PDFs/Guidelines-for-Laboratory-Closure-June-2016.pdf,/Users/iyakavets/Documents/obsidian/viprorok/EHS Wiki/PDF Notes/PDF - Guidelines-for-Laboratory-Closure-June-2016.md,converted,
Guidelines-for-Purchasing-Modifying-and-Transferring-Laser-Products.pdf,/Users/iyakavets/Documents/obsidian/viprorok/EHS Wiki/PDFs/Guidelines-for-Purchasing-Modifying-and-Transferring-Laser-Products.pdf,/Users/iyakavets/Documents/obsidian/viprorok/EHS Wiki/PDF Notes/PDF - Guidelines-for-Purchasing-Modifying-and-Transferring-Laser-Products.md,converted,
Guidelines-for-the-use-of-Carcinogens-and-Teratogens-in-Small-Quantities-February-2020.pdf,/Users/iyakavets/Documents/obsidian/viprorok/EHS Wiki/PDFs/Guidelines-for-the-use-of-Carcinogens-and-Teratogens-in-Small-Quantities-February-2020.pdf,/Users/iyakavets/Documents/obsidian/viprorok/EHS Wiki/PDF Notes/PDF - Guidelines-for-the-use-of-Carcinogens-and-Teratogens-in-Small-Quantities-February-2020.md,converted,
Guidelines-for-Working-in-Loading-Docks.pdf,/Users/iyakavets/Documents/obsidian/viprorok/EHS Wiki/PDFs/Guidelines-for-Working-in-Loading-Docks.pdf,/Users/iyakavets/Documents/obsidian/viprorok/EHS Wiki/PDF Notes/PDF - Guidelines-for-Working-in-Loading-Docks.md,converted,
Guidelines-on-Unattended-Autonomous-Experiments-in-the-Laboratory.pdf,/Users/iyakavets/Documents/obsidian/viprorok/EHS Wiki/PDFs/Guidelines-on-Unattended-Autonomous-Experiments-in-the-Laboratory.pdf,/Users/iyakavets/Documents/obsidian/viprorok/EHS Wiki/PDF Notes/PDF - Guidelines-on-Unattended-Autonomous-Experiments-in-the-Laboratory.md,converted,
Guidelines-on-University-Built-Equipment-March-2025-Ver-1.3.pdf,/Users/iyakavets/Documents/obsidian/viprorok/EHS Wiki/PDFs/Guidelines-on-University-Built-Equipment-March-2025-Ver-1.3.pdf,/Users/iyakavets/Documents/obsidian/viprorok/EHS Wiki/PDF Notes/PDF - Guidelines-on-University-Built-Equipment-March-2025-Ver-1.3.md,converted,
Guidelines-on-Working-Alone-in-the-Laboratory.pdf,/Users/iyakavets/Documents/obsidian/viprorok/EHS Wiki/PDFs/Guidelines-on-Working-Alone-in-the-Laboratory.pdf,/Users/iyakavets/Documents/obsidian/viprorok/EHS Wiki/PDF Notes/PDF - Guidelines-on-Working-Alone-in-the-Laboratory.md,converted,
Guidelines-on-Working-With-Nanomaterials-Feb-2020.pdf,/Users/iyakavets/Documents/obsidian/viprorok/EHS Wiki/PDFs/Guidelines-on-Working-With-Nanomaterials-Feb-2020.pdf,/Users/iyakavets/Documents/obsidian/viprorok/EHS Wiki/PDF Notes/PDF - Guidelines-on-Working-With-Nanomaterials-Feb-2020.md,converted,
Hand-Protection-Gloves.pdf,/Users/iyakavets/Documents/obsidian/viprorok/EHS Wiki/PDFs/Hand-Protection-Gloves.pdf,/Users/iyakavets/Documents/obsidian/viprorok/EHS Wiki/PDF Notes/PDF - Hand-Protection-Gloves.md,converted,
Handling-and-using-Piranha-Solution-Updated.pdf,/Users/iyakavets/Documents/obsidian/viprorok/EHS Wiki/PDFs/Handling-and-using-Piranha-Solution-Updated.pdf,/Users/iyakavets/Documents/obsidian/viprorok/EHS Wiki/PDF Notes/PDF - Handling-and-using-Piranha-Solution-Updated.md,converted,
Head-Protection.pdf,/Users/iyakavets/Documents/obsidian/viprorok/EHS Wiki/PDFs/Head-Protection.pdf,/Users/iyakavets/Documents/obsidian/viprorok/EHS Wiki/PDF Notes/PDF - Head-Protection.md,converted,
heat-stress-deadly-poster.pdf,/Users/iyakavets/Documents/obsidian/viprorok/EHS Wiki/PDFs/heat-stress-deadly-poster.pdf,/Users/iyakavets/Documents/obsidian/viprorok/EHS Wiki/PDF Notes/PDF - heat-stress-deadly-poster.md,converted,
Heat-Stress.pdf,/Users/iyakavets/Documents/obsidian/viprorok/EHS Wiki/PDFs/Heat-Stress.pdf,/Users/iyakavets/Documents/obsidian/viprorok/EHS Wiki/PDF Notes/PDF - Heat-Stress.md,converted,
Hechmet-VIM-User-Guide_2025.pdf,/Users/iyakavets/Documents/obsidian/viprorok/EHS Wiki/PDFs/Hechmet-VIM-User-Guide_2025.pdf,/Users/iyakavets/Documents/obsidian/viprorok/EHS Wiki/PDF Notes/PDF - Hechmet-VIM-User-Guide_2025.md,converted,
HF-First-Aid-Report-Form.pdf,/Users/iyakavets/Documents/obsidian/viprorok/EHS Wiki/PDFs/HF-First-Aid-Report-Form.pdf,/Users/iyakavets/Documents/obsidian/viprorok/EHS Wiki/PDF Notes/PDF - HF-First-Aid-Report-Form.md,converted,
HF-Triage-Envelope.pdf,/Users/iyakavets/Documents/obsidian/viprorok/EHS Wiki/PDFs/HF-Triage-Envelope.pdf,/Users/iyakavets/Documents/obsidian/viprorok/EHS Wiki/PDF Notes/PDF - HF-Triage-Envelope.md,converted,
HF-Triage-Letter.pdf,/Users/iyakavets/Documents/obsidian/viprorok/EHS Wiki/PDFs/HF-Triage-Letter.pdf,/Users/iyakavets/Documents/obsidian/viprorok/EHS Wiki/PDF Notes/PDF - HF-Triage-Letter.md,converted,
HighHazardChemicalPermitRegistrationForm.pdf,/Users/iyakavets/Documents/obsidian/viprorok/EHS Wiki/PDFs/HighHazardChemicalPermitRegistrationForm.pdf,/Users/iyakavets/Documents/obsidian/viprorok/EHS Wiki/PDF Notes/PDF - HighHazardChemicalPermitRegistrationForm.md,converted,
Honeywell-North-Primair-700-Series-Instruction-Manual.pdf,/Users/iyakavets/Documents/obsidian/viprorok/EHS Wiki/PDFs/Honeywell-North-Primair-700-Series-Instruction-Manual.pdf,/Users/iyakavets/Documents/obsidian/viprorok/EHS Wiki/PDF Notes/PDF - Honeywell-North-Primair-700-Series-Instruction-Manual.md,converted,
Honeywell_North_Cartridge-Filter-Reference-Chart.pdf,/Users/iyakavets/Documents/obsidian/viprorok/EHS Wiki/PDFs/Honeywell_North_Cartridge-Filter-Reference-Chart.pdf,/Users/iyakavets/Documents/obsidian/viprorok/EHS Wiki/PDF Notes/PDF - Honeywell_North_Cartridge-Filter-Reference-Chart.md,converted,
Hot_ColdExpMedSurveillanceSurveyFinal2020.pdf,/Users/iyakavets/Documents/obsidian/viprorok/EHS Wiki/PDFs/Hot_ColdExpMedSurveillanceSurveyFinal2020.pdf,/Users/iyakavets/Documents/obsidian/viprorok/EHS Wiki/PDF Notes/PDF - Hot_ColdExpMedSurveillanceSurveyFinal2020.md,converted,
HS-Training-Guide-Admin-Facilities.pdf,/Users/iyakavets/Documents/obsidian/viprorok/EHS Wiki/PDFs/HS-Training-Guide-Admin-Facilities.pdf,/Users/iyakavets/Documents/obsidian/viprorok/EHS Wiki/PDF Notes/PDF - HS-Training-Guide-Admin-Facilities.md,converted,
HSconsiderationsMultiFaithRooms.pdf,/Users/iyakavets/Documents/obsidian/viprorok/EHS Wiki/PDFs/HSconsiderationsMultiFaithRooms.pdf,/Users/iyakavets/Documents/obsidian/viprorok/EHS Wiki/PDF Notes/PDF - HSconsiderationsMultiFaithRooms.md,converted,
Hydrofluoric-Acid-First-Aid-Summary.pdf,/Users/iyakavets/Documents/obsidian/viprorok/EHS Wiki/PDFs/Hydrofluoric-Acid-First-Aid-Summary.pdf,/Users/iyakavets/Documents/obsidian/viprorok/EHS Wiki/PDF Notes/PDF - Hydrofluoric-Acid-First-Aid-Summary.md,converted,
Hydrogen-Fluoride-Protocol.pdf,/Users/iyakavets/Documents/obsidian/viprorok/EHS Wiki/PDFs/Hydrogen-Fluoride-Protocol.pdf,/Users/iyakavets/Documents/obsidian/viprorok/EHS Wiki/PDF Notes/PDF - Hydrogen-Fluoride-Protocol.md,converted,
IARC-Carcinogens.pdf,/Users/iyakavets/Documents/obsidian/viprorok/EHS Wiki/PDFs/IARC-Carcinogens.pdf,/Users/iyakavets/Documents/obsidian/viprorok/EHS Wiki/PDF Notes/PDF - IARC-Carcinogens.md,converted,
In-Lab-Procedures-for-Biological-Waste-Handling_v3.3.pdf,/Users/iyakavets/Documents/obsidian/viprorok/EHS Wiki/PDFs/In-Lab-Procedures-for-Biological-Waste-Handling_v3.3.pdf,/Users/iyakavets/Documents/obsidian/viprorok/EHS Wiki/PDF Notes/PDF - In-Lab-Procedures-for-Biological-Waste-Handling_v3.3.md,converted,
Institutional-Requirements-for-the-Use-of-X-rays-on-Human-Participants-for-Research-Outcomes.pdf,/Users/iyakavets/Documents/obsidian/viprorok/EHS Wiki/PDFs/Institutional-Requirements-for-the-Use-of-X-rays-on-Human-Participants-for-Research-Outcomes.pdf,/Users/iyakavets/Documents/obsidian/viprorok/EHS Wiki/PDF Notes/PDF - Institutional-Requirements-for-the-Use-of-X-rays-on-Human-Participants-for-Research-Outcomes.md,converted,
Job-Safety-Analysis-Form-November-2019.pdf,/Users/iyakavets/Documents/obsidian/viprorok/EHS Wiki/PDFs/Job-Safety-Analysis-Form-November-2019.pdf,/Users/iyakavets/Documents/obsidian/viprorok/EHS Wiki/PDF Notes/PDF - Job-Safety-Analysis-Form-November-2019.md,converted,
Job-Shadowing.pdf,/Users/iyakavets/Documents/obsidian/viprorok/EHS Wiki/PDFs/Job-Shadowing.pdf,/Users/iyakavets/Documents/obsidian/viprorok/EHS Wiki/PDF Notes/PDF - Job-Shadowing.md,converted,
Kitchen-Knife-Safety-Aug-2023.pdf,/Users/iyakavets/Documents/obsidian/viprorok/EHS Wiki/PDFs/Kitchen-Knife-Safety-Aug-2023.pdf,/Users/iyakavets/Documents/obsidian/viprorok/EHS Wiki/PDF Notes/PDF - Kitchen-Knife-Safety-Aug-2023.md,converted,
Kitchen-Safety-Guidelines-December-2019.pdf,/Users/iyakavets/Documents/obsidian/viprorok/EHS Wiki/PDFs/Kitchen-Safety-Guidelines-December-2019.pdf,/Users/iyakavets/Documents/obsidian/viprorok/EHS Wiki/PDF Notes/PDF - Kitchen-Safety-Guidelines-December-2019.md,converted,
Lab-Coat-Guidelines.pdf,/Users/iyakavets/Documents/obsidian/viprorok/EHS Wiki/PDFs/Lab-Coat-Guidelines.pdf,/Users/iyakavets/Documents/obsidian/viprorok/EHS Wiki/PDF Notes/PDF - Lab-Coat-Guidelines.md,converted,
Lab-Safety-Design-Standard-December_2018.pdf,/Users/iyakavets/Documents/obsidian/viprorok/EHS Wiki/PDFs/Lab-Safety-Design-Standard-December_2018.pdf,/Users/iyakavets/Documents/obsidian/viprorok/EHS Wiki/PDF Notes/PDF - Lab-Safety-Design-Standard-December_2018.md,converted,
Laboratory-Chemical-Safety-Program-V1-2-June-2022.pdf,/Users/iyakavets/Documents/obsidian/viprorok/EHS Wiki/PDFs/Laboratory-Chemical-Safety-Program-V1-2-June-2022.pdf,/Users/iyakavets/Documents/obsidian/viprorok/EHS Wiki/PDF Notes/PDF - Laboratory-Chemical-Safety-Program-V1-2-June-2022.md,converted,
Laboratory-Guidelines-for-Youth-Outreach-Programs-April-2025.pdf,/Users/iyakavets/Documents/obsidian/viprorok/EHS Wiki/PDFs/Laboratory-Guidelines-for-Youth-Outreach-Programs-April-2025.pdf,/Users/iyakavets/Documents/obsidian/viprorok/EHS Wiki/PDF Notes/PDF - Laboratory-Guidelines-for-Youth-Outreach-Programs-April-2025.md,converted,
Laboratory-PI-inspection-checklist-ver-1.02.pdf,/Users/iyakavets/Documents/obsidian/viprorok/EHS Wiki/PDFs/Laboratory-PI-inspection-checklist-ver-1.02.pdf,/Users/iyakavets/Documents/obsidian/viprorok/EHS Wiki/PDF Notes/PDF - Laboratory-PI-inspection-checklist-ver-1.02.md,converted,
Laboratory-PPE-Assessment-Tool.pd-Updated.pdf,/Users/iyakavets/Documents/obsidian/viprorok/EHS Wiki/PDFs/Laboratory-PPE-Assessment-Tool.pd-Updated.pdf,/Users/iyakavets/Documents/obsidian/viprorok/EHS Wiki/PDF Notes/PDF - Laboratory-PPE-Assessment-Tool.pd-Updated.md,converted,
Laboratory-Safety-Program.pdf,/Users/iyakavets/Documents/obsidian/viprorok/EHS Wiki/PDFs/Laboratory-Safety-Program.pdf,/Users/iyakavets/Documents/obsidian/viprorok/EHS Wiki/PDF Notes/PDF - Laboratory-Safety-Program.md,converted,
Laser-Accident-Victims-View.pdf,/Users/iyakavets/Documents/obsidian/viprorok/EHS Wiki/PDFs/Laser-Accident-Victims-View.pdf,/Users/iyakavets/Documents/obsidian/viprorok/EHS Wiki/PDF Notes/PDF - Laser-Accident-Victims-View.md,converted,
Laser-Lab-Design.pdf,/Users/iyakavets/Documents/obsidian/viprorok/EHS Wiki/PDFs/Laser-Lab-Design.pdf,/Users/iyakavets/Documents/obsidian/viprorok/EHS Wiki/PDF Notes/PDF - Laser-Lab-Design.md,converted,
Laser-Loan-Form.pdf,/Users/iyakavets/Documents/obsidian/viprorok/EHS Wiki/PDFs/Laser-Loan-Form.pdf,/Users/iyakavets/Documents/obsidian/viprorok/EHS Wiki/PDF Notes/PDF - Laser-Loan-Form.md,converted,
Laser-Permit.pdf,/Users/iyakavets/Documents/obsidian/viprorok/EHS Wiki/PDFs/Laser-Permit.pdf,/Users/iyakavets/Documents/obsidian/viprorok/EHS Wiki/PDF Notes/PDF - Laser-Permit.md,converted,
Laser-Safety-Program-U-of-T.pdf,/Users/iyakavets/Documents/obsidian/viprorok/EHS Wiki/PDFs/Laser-Safety-Program-U-of-T.pdf,/Users/iyakavets/Documents/obsidian/viprorok/EHS Wiki/PDF Notes/PDF - Laser-Safety-Program-U-of-T.md,converted,
Lead-Program.pdf,/Users/iyakavets/Documents/obsidian/viprorok/EHS Wiki/PDFs/Lead-Program.pdf,/Users/iyakavets/Documents/obsidian/viprorok/EHS Wiki/PDF Notes/PDF - Lead-Program.md,converted,
Lead-SOPs-PDF-20171109b.pdf,/Users/iyakavets/Documents/obsidian/viprorok/EHS Wiki/PDFs/Lead-SOPs-PDF-20171109b.pdf,/Users/iyakavets/Documents/obsidian/viprorok/EHS Wiki/PDF Notes/PDF - Lead-SOPs-PDF-20171109b.md,converted,
Lenti_Containment_Guidance.pdf,/Users/iyakavets/Documents/obsidian/viprorok/EHS Wiki/PDFs/Lenti_Containment_Guidance.pdf,/Users/iyakavets/Documents/obsidian/viprorok/EHS Wiki/PDF Notes/PDF - Lenti_Containment_Guidance.md,converted,
Lentiviral_Vectors_Guideline_2019.pdf,/Users/iyakavets/Documents/obsidian/viprorok/EHS Wiki/PDFs/Lentiviral_Vectors_Guideline_2019.pdf,/Users/iyakavets/Documents/obsidian/viprorok/EHS Wiki/PDF Notes/PDF - Lentiviral_Vectors_Guideline_2019.md,converted,
Level-1-and-2-Biosafety-Amendment-Application-Form.pdf,/Users/iyakavets/Documents/obsidian/viprorok/EHS Wiki/PDFs/Level-1-and-2-Biosafety-Amendment-Application-Form.pdf,/Users/iyakavets/Documents/obsidian/viprorok/EHS Wiki/PDF Notes/PDF - Level-1-and-2-Biosafety-Amendment-Application-Form.md,converted,
Level-1-and-2-Biosafety-Permit-Application.pdf,/Users/iyakavets/Documents/obsidian/viprorok/EHS Wiki/PDFs/Level-1-and-2-Biosafety-Permit-Application.pdf,/Users/iyakavets/Documents/obsidian/viprorok/EHS Wiki/PDF Notes/PDF - Level-1-and-2-Biosafety-Permit-Application.md,converted,
Lifting-Devices.pdf,/Users/iyakavets/Documents/obsidian/viprorok/EHS Wiki/PDFs/Lifting-Devices.pdf,/Users/iyakavets/Documents/obsidian/viprorok/EHS Wiki/PDF Notes/PDF - Lifting-Devices.md,converted,
Lighting-Ergonomics-Guideline-2023-Final.pdf,/Users/iyakavets/Documents/obsidian/viprorok/EHS Wiki/PDFs/Lighting-Ergonomics-Guideline-2023-Final.pdf,/Users/iyakavets/Documents/obsidian/viprorok/EHS Wiki/PDF Notes/PDF - Lighting-Ergonomics-Guideline-2023-Final.md,converted,
Lighting_Ergonomics_Guidance.pdf,/Users/iyakavets/Documents/obsidian/viprorok/EHS Wiki/PDFs/Lighting_Ergonomics_Guidance.pdf,/Users/iyakavets/Documents/obsidian/viprorok/EHS Wiki/PDF Notes/PDF - Lighting_Ergonomics_Guidance.md,converted,
Lockout-or-Tagout.pdf,/Users/iyakavets/Documents/obsidian/viprorok/EHS Wiki/PDFs/Lockout-or-Tagout.pdf,/Users/iyakavets/Documents/obsidian/viprorok/EHS Wiki/PDF Notes/PDF - Lockout-or-Tagout.md,converted,
Lockout-Procedures.pdf,/Users/iyakavets/Documents/obsidian/viprorok/EHS Wiki/PDFs/Lockout-Procedures.pdf,/Users/iyakavets/Documents/obsidian/viprorok/EHS Wiki/PDF Notes/PDF - Lockout-Procedures.md,converted,
Love-Your-Toes.pdf,/Users/iyakavets/Documents/obsidian/viprorok/EHS Wiki/PDFs/Love-Your-Toes.pdf,/Users/iyakavets/Documents/obsidian/viprorok/EHS Wiki/PDF Notes/PDF - Love-Your-Toes.md,converted,
LSM.pdf,/Users/iyakavets/Documents/obsidian/viprorok/EHS Wiki/PDFs/LSM.pdf,/Users/iyakavets/Documents/obsidian/viprorok/EHS Wiki/PDF Notes/PDF - LSM.md,converted,
Machine-Safety-Guidelines-2015.pd-Updated.pdf,/Users/iyakavets/Documents/obsidian/viprorok/EHS Wiki/PDFs/Machine-Safety-Guidelines-2015.pd-Updated.pdf,/Users/iyakavets/Documents/obsidian/viprorok/EHS Wiki/PDF Notes/PDF - Machine-Safety-Guidelines-2015.pd-Updated.md,converted,
Maintenance-Contractor-Procedure-for-Working-on-Potentially-Contaminated-Plumbing.pd-Updated.pdf,/Users/iyakavets/Documents/obsidian/viprorok/EHS Wiki/PDFs/Maintenance-Contractor-Procedure-for-Working-on-Potentially-Contaminated-Plumbing.pd-Updated.pdf,/Users/iyakavets/Documents/obsidian/viprorok/EHS Wiki/PDF Notes/PDF - Maintenance-Contractor-Procedure-for-Working-on-Potentially-Contaminated-Plumbing.pd-Updated.md,converted,
Maintenance-Procedure-for-Working-on-Fume-Hood-Ducts.pd-Updated.pdf,/Users/iyakavets/Documents/obsidian/viprorok/EHS Wiki/PDFs/Maintenance-Procedure-for-Working-on-Fume-Hood-Ducts.pd-Updated.pdf,/Users/iyakavets/Documents/obsidian/viprorok/EHS Wiki/PDF Notes/PDF - Maintenance-Procedure-for-Working-on-Fume-Hood-Ducts.pd-Updated.md,converted,
Memo_EHS_Update-on-WHMIS-regulation.pdf,/Users/iyakavets/Documents/obsidian/viprorok/EHS Wiki/PDFs/Memo_EHS_Update-on-WHMIS-regulation.pdf,/Users/iyakavets/Documents/obsidian/viprorok/EHS Wiki/PDF Notes/PDF - Memo_EHS_Update-on-WHMIS-regulation.md,converted,
Memorandum-Central-Chemical-Inventory-System-2024-02-13.pdf,/Users/iyakavets/Documents/obsidian/viprorok/EHS Wiki/PDFs/Memorandum-Central-Chemical-Inventory-System-2024-02-13.pdf,/Users/iyakavets/Documents/obsidian/viprorok/EHS Wiki/PDF Notes/PDF - Memorandum-Central-Chemical-Inventory-System-2024-02-13.md,converted,
Memorandum-of-Agreement.pdf,/Users/iyakavets/Documents/obsidian/viprorok/EHS Wiki/PDFs/Memorandum-of-Agreement.pdf,/Users/iyakavets/Documents/obsidian/viprorok/EHS Wiki/PDF Notes/PDF - Memorandum-of-Agreement.md,converted,
Moldex_FittingInstructions.pdf,/Users/iyakavets/Documents/obsidian/viprorok/EHS Wiki/PDFs/Moldex_FittingInstructions.pdf,/Users/iyakavets/Documents/obsidian/viprorok/EHS Wiki/PDF Notes/PDF - Moldex_FittingInstructions.md,converted,
Mould-Control-Program-Procedures-4-FINAL-20170821.pdf,/Users/iyakavets/Documents/obsidian/viprorok/EHS Wiki/PDFs/Mould-Control-Program-Procedures-4-FINAL-20170821.pdf,/Users/iyakavets/Documents/obsidian/viprorok/EHS Wiki/PDF Notes/PDF - Mould-Control-Program-Procedures-4-FINAL-20170821.md,converted,
Mould-Control-Program.pdf,/Users/iyakavets/Documents/obsidian/viprorok/EHS Wiki/PDFs/Mould-Control-Program.pdf,/Users/iyakavets/Documents/obsidian/viprorok/EHS Wiki/PDF Notes/PDF - Mould-Control-Program-Procedures-4-FINAL-20170821.md,skipped-existing,
Noise-at-Work-Understanding-the-Difference-Between-Hazardous-and-Nuisance-Noise.pdf,/Users/iyakavets/Documents/obsidian/viprorok/EHS Wiki/PDFs/Noise-at-Work-Understanding-the-Difference-Between-Hazardous-and-Nuisance-Noise.pdf,/Users/iyakavets/Documents/obsidian/viprorok/EHS Wiki/PDF Notes/PDF - Noise-at-Work-Understanding-the-Difference-Between-Hazardous-and-Nuisance-Noise.md,converted,
Noise-Program-Rev.-March-2016.pdf,/Users/iyakavets/Documents/obsidian/viprorok/EHS Wiki/PDFs/Noise-Program-Rev.-March-2016.pdf,/Users/iyakavets/Documents/obsidian/viprorok/EHS Wiki/PDF Notes/PDF - Noise-Program-Rev.-March-2016.md,converted,
Non-Service-Animals-on-Campus-Guideline.pdf,/Users/iyakavets/Documents/obsidian/viprorok/EHS Wiki/PDFs/Non-Service-Animals-on-Campus-Guideline.pdf,/Users/iyakavets/Documents/obsidian/viprorok/EHS Wiki/PDF Notes/PDF - Non-Service-Animals-on-Campus-Guideline.md,converted,
North-half-face-respirator-instructions.pdf,/Users/iyakavets/Documents/obsidian/viprorok/EHS Wiki/PDFs/North-half-face-respirator-instructions.pdf,/Users/iyakavets/Documents/obsidian/viprorok/EHS Wiki/PDF Notes/PDF - North-half-face-respirator-instructions.md,converted,
North_full_facepiece_5400_7600-instructions.pdf,/Users/iyakavets/Documents/obsidian/viprorok/EHS Wiki/PDFs/North_full_facepiece_5400_7600-instructions.pdf,/Users/iyakavets/Documents/obsidian/viprorok/EHS Wiki/PDF Notes/PDF - North_full_facepiece_5400_7600-instructions.md,converted,
Office-Ergonomics-Setting-Up-Your-Workstation-Tipsheet_2022July07.pdf,/Users/iyakavets/Documents/obsidian/viprorok/EHS Wiki/PDFs/Office-Ergonomics-Setting-Up-Your-Workstation-Tipsheet_2022July07.pdf,/Users/iyakavets/Documents/obsidian/viprorok/EHS Wiki/PDF Notes/PDF - Office-Ergonomics-Setting-Up-Your-Workstation-Tipsheet_2022July07.md,converted,
Pest-Bed-Bug-InfoGuide-PropertyManagement-2019-ENG.pdf,/Users/iyakavets/Documents/obsidian/viprorok/EHS Wiki/PDFs/Pest-Bed-Bug-InfoGuide-PropertyManagement-2019-ENG.pdf,/Users/iyakavets/Documents/obsidian/viprorok/EHS Wiki/PDF Notes/PDF - Pest-Bed-Bug-InfoGuide-PropertyManagement-2019-ENG.md,converted,
Pest-Bed-Bugs-Infographic-DoNotLetBedBugsBite-ENG.pdf,/Users/iyakavets/Documents/obsidian/viprorok/EHS Wiki/PDFs/Pest-Bed-Bugs-Infographic-DoNotLetBedBugsBite-ENG.pdf,/Users/iyakavets/Documents/obsidian/viprorok/EHS Wiki/PDF Notes/PDF - Pest-Bed-Bugs-Infographic-DoNotLetBedBugsBite-ENG.md,converted,
Pest-Bed-Bugs-InfoSheet-101PropertyManagers-2014-ENG.pdf,/Users/iyakavets/Documents/obsidian/viprorok/EHS Wiki/PDFs/Pest-Bed-Bugs-InfoSheet-101PropertyManagers-2014-ENG.pdf,/Users/iyakavets/Documents/obsidian/viprorok/EHS Wiki/PDF Notes/PDF - Pest-Bed-Bugs-InfoSheet-101PropertyManagers-2014-ENG.md,converted,
Pest-Bed-Bugs-InfoSheet-OfficeTenantTips-ENG.pdf,/Users/iyakavets/Documents/obsidian/viprorok/EHS Wiki/PDFs/Pest-Bed-Bugs-InfoSheet-OfficeTenantTips-ENG.pdf,/Users/iyakavets/Documents/obsidian/viprorok/EHS Wiki/PDF Notes/PDF - Pest-Bed-Bugs-InfoSheet-OfficeTenantTips-ENG.md,converted,
Phenyl-Hydrazine-and-Phenyl-Hydrazine-Hydrochloride-procedure-for-use-Updated.pdf,/Users/iyakavets/Documents/obsidian/viprorok/EHS Wiki/PDFs/Phenyl-Hydrazine-and-Phenyl-Hydrazine-Hydrochloride-procedure-for-use-Updated.pdf,/Users/iyakavets/Documents/obsidian/viprorok/EHS Wiki/PDF Notes/PDF - Phenyl-Hydrazine-and-Phenyl-Hydrazine-Hydrochloride-procedure-for-use-Updated.md,converted,
Portal-Ladders-Standard.pdf,/Users/iyakavets/Documents/obsidian/viprorok/EHS Wiki/PDFs/Portal-Ladders-Standard.pdf,/Users/iyakavets/Documents/obsidian/viprorok/EHS Wiki/PDF Notes/PDF - Portal-Ladders-Standard.md,converted,
Pregnancy-Workplace-Screening-Tool-for-Pregnant-Workers.pd-Updated.pdf,/Users/iyakavets/Documents/obsidian/viprorok/EHS Wiki/PDFs/Pregnancy-Workplace-Screening-Tool-for-Pregnant-Workers.pd-Updated.pdf,/Users/iyakavets/Documents/obsidian/viprorok/EHS Wiki/PDF Notes/PDF - Pregnancy-Workplace-Screening-Tool-for-Pregnant-Workers.pd-Updated.md,converted,
Preparing-Foods-with-Knives.pdf,/Users/iyakavets/Documents/obsidian/viprorok/EHS Wiki/PDFs/Preparing-Foods-with-Knives.pdf,/Users/iyakavets/Documents/obsidian/viprorok/EHS Wiki/PDF Notes/PDF - Preparing-Foods-with-Knives.md,converted,
Preventing-Mould-in-Cold-Rooms.pdf,/Users/iyakavets/Documents/obsidian/viprorok/EHS Wiki/PDFs/Preventing-Mould-in-Cold-Rooms.pdf,/Users/iyakavets/Documents/obsidian/viprorok/EHS Wiki/PDF Notes/PDF - Preventing-Mould-in-Cold-Rooms.md,converted,
PreventingSlipsTripsFallKitchens_Poster_2023Aug17.pdf,/Users/iyakavets/Documents/obsidian/viprorok/EHS Wiki/PDFs/PreventingSlipsTripsFallKitchens_Poster_2023Aug17.pdf,/Users/iyakavets/Documents/obsidian/viprorok/EHS Wiki/PDF Notes/PDF - PreventingSlipsTripsFallKitchens_Poster_2023Aug17.md,converted,
Procedural-Checklists-Type-1-and-2.pdf,/Users/iyakavets/Documents/obsidian/viprorok/EHS Wiki/PDFs/Procedural-Checklists-Type-1-and-2.pdf,/Users/iyakavets/Documents/obsidian/viprorok/EHS Wiki/PDF Notes/PDF - Procedural-Checklists-Type-1-and-2.md,converted,
Protective-Clothing.pdf,/Users/iyakavets/Documents/obsidian/viprorok/EHS Wiki/PDFs/Protective-Clothing.pdf,/Users/iyakavets/Documents/obsidian/viprorok/EHS Wiki/PDF Notes/PDF - Protective-Clothing.md,converted,
Protective-Footwear-Standard.pdf,/Users/iyakavets/Documents/obsidian/viprorok/EHS Wiki/PDFs/Protective-Footwear-Standard.pdf,/Users/iyakavets/Documents/obsidian/viprorok/EHS Wiki/PDF Notes/PDF - Protective-Footwear-Standard.md,converted,
Radioactive-Material-Transfer-Request-Mar-2025.pdf,/Users/iyakavets/Documents/obsidian/viprorok/EHS Wiki/PDFs/Radioactive-Material-Transfer-Request-Mar-2025.pdf,/Users/iyakavets/Documents/obsidian/viprorok/EHS Wiki/PDF Notes/PDF - Radioactive-Material-Transfer-Request-Mar-2025.md,converted,
Radioactive-Materials-Purchase-Request.pdf,/Users/iyakavets/Documents/obsidian/viprorok/EHS Wiki/PDFs/Radioactive-Materials-Purchase-Request.pdf,/Users/iyakavets/Documents/obsidian/viprorok/EHS Wiki/PDF Notes/PDF - Radioactive-Materials-Purchase-Request.md,converted,
Refrigerators-Updated.pdf,/Users/iyakavets/Documents/obsidian/viprorok/EHS Wiki/PDFs/Refrigerators-Updated.pdf,/Users/iyakavets/Documents/obsidian/viprorok/EHS Wiki/PDF Notes/PDF - Refrigerators-Updated.md,converted,
Registration-Form-for-Category-1-Participants-Identified-First-Aiders2020.pdf,/Users/iyakavets/Documents/obsidian/viprorok/EHS Wiki/PDFs/Registration-Form-for-Category-1-Participants-Identified-First-Aiders2020.pdf,/Users/iyakavets/Documents/obsidian/viprorok/EHS Wiki/PDF Notes/PDF - Registration-Form-for-Category-1-Participants-Identified-First-Aiders2020.md,converted,
regulation-861.pdf,/Users/iyakavets/Documents/obsidian/viprorok/EHS Wiki/PDFs/regulation-861.pdf,/Users/iyakavets/Documents/obsidian/viprorok/EHS Wiki/PDF Notes/PDF - regulation-861.md,converted,
Respirator-Standard.pdf,/Users/iyakavets/Documents/obsidian/viprorok/EHS Wiki/PDFs/Respirator-Standard.pdf,/Users/iyakavets/Documents/obsidian/viprorok/EHS Wiki/PDF Notes/PDF - Respirator-Standard.md,converted,
Respirator-User-Screening-Form-2021.pdf,/Users/iyakavets/Documents/obsidian/viprorok/EHS Wiki/PDFs/Respirator-User-Screening-Form-2021.pdf,/Users/iyakavets/Documents/obsidian/viprorok/EHS Wiki/PDF Notes/PDF - Respirator-User-Screening-Form-2021.md,converted,
Respirators-with-Exhalation-Valve-Final.pdf,/Users/iyakavets/Documents/obsidian/viprorok/EHS Wiki/PDFs/Respirators-with-Exhalation-Valve-Final.pdf,/Users/iyakavets/Documents/obsidian/viprorok/EHS Wiki/PDF Notes/PDF - Respirators-with-Exhalation-Valve-Final.md,converted,
Respiratory-Protection-Program.pdf,/Users/iyakavets/Documents/obsidian/viprorok/EHS Wiki/PDFs/Respiratory-Protection-Program.pdf,/Users/iyakavets/Documents/obsidian/viprorok/EHS Wiki/PDF Notes/PDF - Respiratory-Protection-Program.md,converted,
Restricted-Spaces.pdf,/Users/iyakavets/Documents/obsidian/viprorok/EHS Wiki/PDFs/Restricted-Spaces.pdf,/Users/iyakavets/Documents/obsidian/viprorok/EHS Wiki/PDF Notes/PDF - Restricted-Spaces.md,converted,
Safe-Work-Practices-Aerosol-Risk-Reduction-RG2-Biological-Agents.pdf,/Users/iyakavets/Documents/obsidian/viprorok/EHS Wiki/PDFs/Safe-Work-Practices-Aerosol-Risk-Reduction-RG2-Biological-Agents.pdf,/Users/iyakavets/Documents/obsidian/viprorok/EHS Wiki/PDF Notes/PDF - Safe-Work-Practices-Aerosol-Risk-Reduction-RG2-Biological-Agents.md,converted,
Safe-Work-Practices-Centrifuge-Use.pdf,/Users/iyakavets/Documents/obsidian/viprorok/EHS Wiki/PDFs/Safe-Work-Practices-Centrifuge-Use.pdf,/Users/iyakavets/Documents/obsidian/viprorok/EHS Wiki/PDF Notes/PDF - Safe-Work-Practices-Centrifuge-Use.md,converted,
Safe-Work-Practices-Microtome-Use.pdf,/Users/iyakavets/Documents/obsidian/viprorok/EHS Wiki/PDFs/Safe-Work-Practices-Microtome-Use.pdf,/Users/iyakavets/Documents/obsidian/viprorok/EHS Wiki/PDF Notes/PDF - Safe-Work-Practices-Microtome-Use.md,converted,
Safe-Work-Practices-Safe-Sharps-Use.pdf,/Users/iyakavets/Documents/obsidian/viprorok/EHS Wiki/PDFs/Safe-Work-Practices-Safe-Sharps-Use.pdf,/Users/iyakavets/Documents/obsidian/viprorok/EHS Wiki/PDF Notes/PDF - Safe-Work-Practices-Safe-Sharps-Use.md,converted,
SARS-CoV-2-Biosafety-Guideline-for-UofT-Labs_v2.0-Sept-4-2020.pdf,/Users/iyakavets/Documents/obsidian/viprorok/EHS Wiki/PDFs/SARS-CoV-2-Biosafety-Guideline-for-UofT-Labs_v2.0-Sept-4-2020.pdf,/Users/iyakavets/Documents/obsidian/viprorok/EHS Wiki/PDF Notes/PDF - SARS-CoV-2-Biosafety-Guideline-for-UofT-Labs_v2.0-Sept-4-2020.md,converted,
Scaffolds.pdf,/Users/iyakavets/Documents/obsidian/viprorok/EHS Wiki/PDFs/Scaffolds.pdf,/Users/iyakavets/Documents/obsidian/viprorok/EHS Wiki/PDF Notes/PDF - Scaffolds.md,converted,
scent-free-label-concept_-mar5_2018.pdf,/Users/iyakavets/Documents/obsidian/viprorok/EHS Wiki/PDFs/scent-free-label-concept_-mar5_2018.pdf,/Users/iyakavets/Documents/obsidian/viprorok/EHS Wiki/PDF Notes/PDF - scent-free-label-concept_-mar5_2018.md,converted,
Scent-Policy-Poster.pdf,/Users/iyakavets/Documents/obsidian/viprorok/EHS Wiki/PDFs/Scent-Policy-Poster.pdf,/Users/iyakavets/Documents/obsidian/viprorok/EHS Wiki/PDF Notes/PDF - Scent-Policy-Poster.md,converted,
Scentfree-Poster-20180129.pdf,/Users/iyakavets/Documents/obsidian/viprorok/EHS Wiki/PDFs/Scentfree-Poster-20180129.pdf,/Users/iyakavets/Documents/obsidian/viprorok/EHS Wiki/PDF Notes/PDF - Scentfree-Poster-20180129.md,converted,
Semicarbazide-procedure-for-use-Updated.pdf,/Users/iyakavets/Documents/obsidian/viprorok/EHS Wiki/PDFs/Semicarbazide-procedure-for-use-Updated.pdf,/Users/iyakavets/Documents/obsidian/viprorok/EHS Wiki/PDF Notes/PDF - Semicarbazide-procedure-for-use-Updated.md,converted,
Shared-and-Unassigned-Workstations-Etiquette-Tipsheet_Final.pdf,/Users/iyakavets/Documents/obsidian/viprorok/EHS Wiki/PDFs/Shared-and-Unassigned-Workstations-Etiquette-Tipsheet_Final.pdf,/Users/iyakavets/Documents/obsidian/viprorok/EHS Wiki/PDF Notes/PDF - Shared-and-Unassigned-Workstations-Etiquette-Tipsheet_Final.md,converted,
Sit-Stand-Guidance-Sheet.pdf,/Users/iyakavets/Documents/obsidian/viprorok/EHS Wiki/PDFs/Sit-Stand-Guidance-Sheet.pdf,/Users/iyakavets/Documents/obsidian/viprorok/EHS Wiki/PDF Notes/PDF - Sit-Stand-Guidance-Sheet.md,converted,
Soldering-Guidelines-20181206.pdf,/Users/iyakavets/Documents/obsidian/viprorok/EHS Wiki/PDFs/Soldering-Guidelines-20181206.pdf,/Users/iyakavets/Documents/obsidian/viprorok/EHS Wiki/PDF Notes/PDF - Soldering-Guidelines-20181206.md,converted,
SOPSummary-20180208.pdf,/Users/iyakavets/Documents/obsidian/viprorok/EHS Wiki/PDFs/SOPSummary-20180208.pdf,/Users/iyakavets/Documents/obsidian/viprorok/EHS Wiki/PDF Notes/PDF - SOPSummary-20180208.md,converted,
Specific-work-training-form.pdf,/Users/iyakavets/Documents/obsidian/viprorok/EHS Wiki/PDFs/Specific-work-training-form.pdf,/Users/iyakavets/Documents/obsidian/viprorok/EHS Wiki/PDF Notes/PDF - Specific-work-training-form.md,converted,
Standard-for-Inert-Cryogenic-Liquid-Usage-in-the-Laboratory-Updated.pdf,/Users/iyakavets/Documents/obsidian/viprorok/EHS Wiki/PDFs/Standard-for-Inert-Cryogenic-Liquid-Usage-in-the-Laboratory-Updated.pdf,/Users/iyakavets/Documents/obsidian/viprorok/EHS Wiki/PDF Notes/PDF - Standard-for-Inert-Cryogenic-Liquid-Usage-in-the-Laboratory-Updated.md,converted,
Storage-Cabinets-Updated.pdf,/Users/iyakavets/Documents/obsidian/viprorok/EHS Wiki/PDFs/Storage-Cabinets-Updated.pdf,/Users/iyakavets/Documents/obsidian/viprorok/EHS Wiki/PDF Notes/PDF - Storage-Cabinets-Updated.md,converted,
Storage-Rooms-Updated.pdf,/Users/iyakavets/Documents/obsidian/viprorok/EHS Wiki/PDFs/Storage-Rooms-Updated.pdf,/Users/iyakavets/Documents/obsidian/viprorok/EHS Wiki/PDF Notes/PDF - Storage-Rooms-Updated.md,converted,
Supervisor-Due-Diligence-checklist-20190725-FINAL.pdf,/Users/iyakavets/Documents/obsidian/viprorok/EHS Wiki/PDFs/Supervisor-Due-Diligence-checklist-20190725-FINAL.pdf,/Users/iyakavets/Documents/obsidian/viprorok/EHS Wiki/PDF Notes/PDF - Supervisor-Due-Diligence-checklist-20190725-FINAL.md,converted,
Supervisor-Toolkit-20190729-FINAL.pdf,/Users/iyakavets/Documents/obsidian/viprorok/EHS Wiki/PDFs/Supervisor-Toolkit-20190729-FINAL.pdf,/Users/iyakavets/Documents/obsidian/viprorok/EHS Wiki/PDF Notes/PDF - Supervisor-Toolkit-20190729-FINAL.md,converted,
Suspect-Materials-Checklist.pdf,/Users/iyakavets/Documents/obsidian/viprorok/EHS Wiki/PDFs/Suspect-Materials-Checklist.pdf,/Users/iyakavets/Documents/obsidian/viprorok/EHS Wiki/PDF Notes/PDF - Suspect-Materials-Checklist.md,converted,
Temozolomide-procedure-for-use-Updated.pdf,/Users/iyakavets/Documents/obsidian/viprorok/EHS Wiki/PDFs/Temozolomide-procedure-for-use-Updated.pdf,/Users/iyakavets/Documents/obsidian/viprorok/EHS Wiki/PDF Notes/PDF - Temozolomide-procedure-for-use-Updated.md,converted,
Type-3-Asbestos-Abatement-Information.pdf,/Users/iyakavets/Documents/obsidian/viprorok/EHS Wiki/PDFs/Type-3-Asbestos-Abatement-Information.pdf,/Users/iyakavets/Documents/obsidian/viprorok/EHS Wiki/PDF Notes/PDF - Type-3-Asbestos-Abatement-Information.md,converted,
U-of-T-Workplace-Violence-Program.pdf,/Users/iyakavets/Documents/obsidian/viprorok/EHS Wiki/PDFs/U-of-T-Workplace-Violence-Program.pdf,/Users/iyakavets/Documents/obsidian/viprorok/EHS Wiki/PDF Notes/PDF - U-of-T-Workplace-Violence-Program.md,converted,
Understanding-Radiation.pdf,/Users/iyakavets/Documents/obsidian/viprorok/EHS Wiki/PDFs/Understanding-Radiation.pdf,/Users/iyakavets/Documents/obsidian/viprorok/EHS Wiki/PDF Notes/PDF - Understanding-Radiation.md,converted,
University-of-Toronto-Electrical-Safety-Program.pdf,/Users/iyakavets/Documents/obsidian/viprorok/EHS Wiki/PDFs/University-of-Toronto-Electrical-Safety-Program.pdf,/Users/iyakavets/Documents/obsidian/viprorok/EHS Wiki/PDF Notes/PDF - University-of-Toronto-Electrical-Safety-Program.md,converted,
University-of-Toronto-Firearms-in-Research-Guidelines.pdf,/Users/iyakavets/Documents/obsidian/viprorok/EHS Wiki/PDFs/University-of-Toronto-Firearms-in-Research-Guidelines.pdf,/Users/iyakavets/Documents/obsidian/viprorok/EHS Wiki/PDF Notes/PDF - University-of-Toronto-Firearms-in-Research-Guidelines.md,converted,
University-of-Toronto-Office-Ergonomics-Standard.pdf,/Users/iyakavets/Documents/obsidian/viprorok/EHS Wiki/PDFs/University-of-Toronto-Office-Ergonomics-Standard.pdf,/Users/iyakavets/Documents/obsidian/viprorok/EHS Wiki/PDF Notes/PDF - University-of-Toronto-Office-Ergonomics-Standard.md,converted,
UofT-Workplace-Label-Template.pdf,/Users/iyakavets/Documents/obsidian/viprorok/EHS Wiki/PDFs/UofT-Workplace-Label-Template.pdf,/Users/iyakavets/Documents/obsidian/viprorok/EHS Wiki/PDF Notes/PDF - UofT-Workplace-Label-Template.md,converted,
UofT_2017-18SustainabilityYB_Download-1-1.pdf,/Users/iyakavets/Documents/obsidian/viprorok/EHS Wiki/PDFs/UofT_2017-18SustainabilityYB_Download-1-1.pdf,/Users/iyakavets/Documents/obsidian/viprorok/EHS Wiki/PDF Notes/PDF - UofT_2017-18SustainabilityYB_Download-1-1.md,converted,
UofTStudentPlacementChecklist.pdf,/Users/iyakavets/Documents/obsidian/viprorok/EHS Wiki/PDFs/UofTStudentPlacementChecklist.pdf,/Users/iyakavets/Documents/obsidian/viprorok/EHS Wiki/PDF Notes/PDF - UofTStudentPlacementChecklist.md,converted,
Users-list.pdf,/Users/iyakavets/Documents/obsidian/viprorok/EHS Wiki/PDFs/Users-list.pdf,/Users/iyakavets/Documents/obsidian/viprorok/EHS Wiki/PDF Notes/PDF - Users-list.md,converted,
UTSC-Biological-Waste-Procedures.pdf,/Users/iyakavets/Documents/obsidian/viprorok/EHS Wiki/PDFs/UTSC-Biological-Waste-Procedures.pdf,/Users/iyakavets/Documents/obsidian/viprorok/EHS Wiki/PDF Notes/PDF - UTSC-Biological-Waste-Procedures.md,converted,
w130.pdf,/Users/iyakavets/Documents/obsidian/viprorok/EHS Wiki/PDFs/w130.pdf,/Users/iyakavets/Documents/obsidian/viprorok/EHS Wiki/PDF Notes/PDF - w130.md,converted,
Welding-Guidelines-20180225.pdf,/Users/iyakavets/Documents/obsidian/viprorok/EHS Wiki/PDFs/Welding-Guidelines-20180225.pdf,/Users/iyakavets/Documents/obsidian/viprorok/EHS Wiki/PDF Notes/PDF - Welding-Guidelines-20180225.md,converted,
WHMIS1988_symbols-signaux-eng.pdf,/Users/iyakavets/Documents/obsidian/viprorok/EHS Wiki/PDFs/WHMIS1988_symbols-signaux-eng.pdf,/Users/iyakavets/Documents/obsidian/viprorok/EHS Wiki/PDF Notes/PDF - WHMIS1988_symbols-signaux-eng.md,converted,
WHMIS2015_FactSheets.pdf,/Users/iyakavets/Documents/obsidian/viprorok/EHS Wiki/PDFs/WHMIS2015_FactSheets.pdf,/Users/iyakavets/Documents/obsidian/viprorok/EHS Wiki/PDF Notes/PDF - WHMIS2015_FactSheets.md,converted,
WHMIS2015_labelElements.pdf,/Users/iyakavets/Documents/obsidian/viprorok/EHS Wiki/PDFs/WHMIS2015_labelElements.pdf,/Users/iyakavets/Documents/obsidian/viprorok/EHS Wiki/PDF Notes/PDF - WHMIS2015_labelElements.md,converted,
WHMIS2015_Refresher_StandardQuiz.pdf,/Users/iyakavets/Documents/obsidian/viprorok/EHS Wiki/PDFs/WHMIS2015_Refresher_StandardQuiz.pdf,/Users/iyakavets/Documents/obsidian/viprorok/EHS Wiki/PDF Notes/PDF - WHMIS2015_Refresher_StandardQuiz.md,converted,
WHMIS2015_Refresher_StandardQuiz_-ANSWER-KEY.pdf,/Users/iyakavets/Documents/obsidian/viprorok/EHS Wiki/PDFs/WHMIS2015_Refresher_StandardQuiz_-ANSWER-KEY.pdf,/Users/iyakavets/Documents/obsidian/viprorok/EHS Wiki/PDF Notes/PDF - WHMIS2015_Refresher_StandardQuiz_-ANSWER-KEY.md,converted,
WHMIS2015_Refresher_WorkAreaExercise.pdf,/Users/iyakavets/Documents/obsidian/viprorok/EHS Wiki/PDFs/WHMIS2015_Refresher_WorkAreaExercise.pdf,/Users/iyakavets/Documents/obsidian/viprorok/EHS Wiki/PDF Notes/PDF - WHMIS2015_Refresher_WorkAreaExercise.md,converted,
WHMIS_2015_pictograms.pdf,/Users/iyakavets/Documents/obsidian/viprorok/EHS Wiki/PDFs/WHMIS_2015_pictograms.pdf,/Users/iyakavets/Documents/obsidian/viprorok/EHS Wiki/PDF Notes/PDF - WHMIS_2015_pictograms.md,converted,
Window-Cleaning.pdf,/Users/iyakavets/Documents/obsidian/viprorok/EHS Wiki/PDFs/Window-Cleaning.pdf,/Users/iyakavets/Documents/obsidian/viprorok/EHS Wiki/PDF Notes/PDF - Window-Cleaning.md,converted,
WorkFromHomeChecklist_Final_2021Aug13.pdf,/Users/iyakavets/Documents/obsidian/viprorok/EHS Wiki/PDFs/WorkFromHomeChecklist_Final_2021Aug13.pdf,/Users/iyakavets/Documents/obsidian/viprorok/EHS Wiki/PDF Notes/PDF - WorkFromHomeChecklist_Final_2021Aug13.md,converted,
Working-Alone-Guidelines.pdf,/Users/iyakavets/Documents/obsidian/viprorok/EHS Wiki/PDFs/Working-Alone-Guidelines.pdf,/Users/iyakavets/Documents/obsidian/viprorok/EHS Wiki/PDF Notes/PDF - Working-Alone-Guidelines.md,converted,
Working-in-Dishwashing-Areas.pdf,/Users/iyakavets/Documents/obsidian/viprorok/EHS Wiki/PDFs/Working-in-Dishwashing-Areas.pdf,/Users/iyakavets/Documents/obsidian/viprorok/EHS Wiki/PDF Notes/PDF - Working-in-Dishwashing-Areas.md,converted,
Working-in-Service-and-Pickup-Areas.pdf,/Users/iyakavets/Documents/obsidian/viprorok/EHS Wiki/PDFs/Working-in-Service-and-Pickup-Areas.pdf,/Users/iyakavets/Documents/obsidian/viprorok/EHS Wiki/PDF Notes/PDF - Working-in-Service-and-Pickup-Areas.md,converted,
Working-with-Chlorpyrifos-and-Chlorpyrifos-treated-animals.pdf,/Users/iyakavets/Documents/obsidian/viprorok/EHS Wiki/PDFs/Working-with-Chlorpyrifos-and-Chlorpyrifos-treated-animals.pdf,/Users/iyakavets/Documents/obsidian/viprorok/EHS Wiki/PDF Notes/PDF - Working-with-Chlorpyrifos-and-Chlorpyrifos-treated-animals.md,converted,
WorkingElevatedHeights20160318.pdf,/Users/iyakavets/Documents/obsidian/viprorok/EHS Wiki/PDFs/WorkingElevatedHeights20160318.pdf,/Users/iyakavets/Documents/obsidian/viprorok/EHS Wiki/PDF Notes/PDF - WorkingElevatedHeights20160318.md,converted,
Workplace-Violence-Prevention-Program-2024.pdf,/Users/iyakavets/Documents/obsidian/viprorok/EHS Wiki/PDFs/Workplace-Violence-Prevention-Program-2024.pdf,/Users/iyakavets/Documents/obsidian/viprorok/EHS Wiki/PDF Notes/PDF - Workplace-Violence-Prevention-Program-2024.md,converted,
WorkSafelySharpBladesEdgesOffice_Poster.pdf,/Users/iyakavets/Documents/obsidian/viprorok/EHS Wiki/PDFs/WorkSafelySharpBladesEdgesOffice_Poster.pdf,/Users/iyakavets/Documents/obsidian/viprorok/EHS Wiki/PDF Notes/PDF - WorkSafelySharpBladesEdgesOffice_Poster.md,converted,
X-ray-Device-Registration-Form.pdf,/Users/iyakavets/Documents/obsidian/viprorok/EHS Wiki/PDFs/X-ray-Device-Registration-Form.pdf,/Users/iyakavets/Documents/obsidian/viprorok/EHS Wiki/PDF Notes/PDF - X-ray-Device-Registration-Form.md,converted,
X-ray-Permit-Application-Form-April-2025.pdf,/Users/iyakavets/Documents/obsidian/viprorok/EHS Wiki/PDFs/X-ray-Permit-Application-Form-April-2025.pdf,/Users/iyakavets/Documents/obsidian/viprorok/EHS Wiki/PDF Notes/PDF - X-ray-Permit-Application-Form-April-2025.md,converted,
X-ray-Safety-Program-Manual-April-2026.pdf,/Users/iyakavets/Documents/obsidian/viprorok/EHS Wiki/PDFs/X-ray-Safety-Program-Manual-April-2026.pdf,/Users/iyakavets/Documents/obsidian/viprorok/EHS Wiki/PDF Notes/PDF - X-ray-Safety-Program-Manual-April-2026.md,converted,
Youth-in-Labs-Guidelines.pd-Updated.pdf,/Users/iyakavets/Documents/obsidian/viprorok/EHS Wiki/PDFs/Youth-in-Labs-Guidelines.pd-Updated.pdf,/Users/iyakavets/Documents/obsidian/viprorok/EHS Wiki/PDF Notes/PDF - Youth-in-Labs-Guidelines.pd-Updated.md,converted,
